frame_dir,label,total_frames,img_shape,keypoint_shape
v_Basketball_g08_c01,6,170,"(256, 340)","(3, 170, 17, 2)"
v_Basketball_g08_c02,6,83,"(256, 340)","(8, 83, 17, 2)"
v_Basketball_g08_c03,6,60,"(256, 340)","(2, 60, 17, 2)"
v_Basketball_g08_c04,6,100,"(256, 340)","(4, 100, 17, 2)"
v_Basketball_g09_c01,6,110,"(256, 340)","(2, 110, 17, 2)"
v_Basketball_g09_c02,6,103,"(256, 340)","(1, 103, 17, 2)"
v_Basketball_g09_c03,6,84,"(256, 340)","(2, 84, 17, 2)"
v_Basketball_g09_c04,6,100,"(256, 340)","(2, 100, 17, 2)"
v_Basketball_g09_c05,6,121,"(256, 340)","(2, 121, 17, 2)"
v_Basketball_g10_c01,6,127,"(256, 340)","(3, 127, 17, 2)"
v_Basketball_g10_c02,6,123,"(256, 340)","(3, 123, 17, 2)"
v_Basketball_g10_c03,6,115,"(256, 340)","(2, 115, 17, 2)"
v_Basketball_g10_c04,6,102,"(256, 340)","(3, 102, 17, 2)"
v_Basketball_g10_c05,6,116,"(256, 340)","(3, 116, 17, 2)"
v_Basketball_g11_c01,6,25,"(256, 340)","(2, 25, 17, 2)"
v_Basketball_g11_c02,6,137,"(256, 340)","(2, 137, 17, 2)"
v_Basketball_g11_c03,6,74,"(256, 340)","(2, 74, 17, 2)"
v_Basketball_g11_c04,6,76,"(256, 340)","(1, 76, 17, 2)"
v_Basketball_g11_c05,6,81,"(256, 340)","(1, 81, 17, 2)"
v_Basketball_g12_c01,6,272,"(256, 340)","(6, 272, 17, 2)"
v_Basketball_g12_c02,6,183,"(256, 340)","(5, 183, 17, 2)"
v_Basketball_g12_c03,6,136,"(256, 340)","(7, 136, 17, 2)"
v_Basketball_g12_c04,6,227,"(256, 340)","(8, 227, 17, 2)"
v_Basketball_g12_c05,6,229,"(256, 340)","(9, 229, 17, 2)"
v_Basketball_g13_c01,6,298,"(256, 340)","(2, 298, 17, 2)"
v_Basketball_g13_c02,6,323,"(256, 340)","(2, 323, 17, 2)"
v_Basketball_g13_c03,6,310,"(256, 340)","(2, 310, 17, 2)"
v_Basketball_g13_c04,6,292,"(256, 340)","(2, 292, 17, 2)"
v_Basketball_g14_c01,6,80,"(256, 340)","(1, 80, 17, 2)"
v_Basketball_g14_c02,6,130,"(256, 340)","(2, 130, 17, 2)"
v_Basketball_g14_c03,6,88,"(256, 340)","(2, 88, 17, 2)"
v_Basketball_g14_c04,6,87,"(256, 340)","(1, 87, 17, 2)"
v_Basketball_g14_c05,6,90,"(256, 340)","(1, 90, 17, 2)"
v_Basketball_g15_c01,6,119,"(256, 340)","(2, 119, 17, 2)"
v_Basketball_g15_c02,6,151,"(256, 340)","(2, 151, 17, 2)"
v_Basketball_g15_c03,6,194,"(256, 340)","(3, 194, 17, 2)"
v_Basketball_g15_c04,6,111,"(256, 340)","(2, 111, 17, 2)"
v_Basketball_g15_c05,6,173,"(256, 340)","(3, 173, 17, 2)"
v_Basketball_g15_c06,6,184,"(256, 340)","(3, 184, 17, 2)"
v_Basketball_g15_c07,6,163,"(256, 340)","(2, 163, 17, 2)"
v_Basketball_g16_c01,6,481,"(256, 340)","(2, 481, 17, 2)"
v_Basketball_g16_c02,6,491,"(256, 340)","(2, 491, 17, 2)"
v_Basketball_g16_c03,6,124,"(256, 340)","(2, 124, 17, 2)"
v_Basketball_g16_c04,6,87,"(256, 340)","(2, 87, 17, 2)"
v_Basketball_g16_c05,6,445,"(256, 340)","(2, 445, 17, 2)"
v_Basketball_g16_c06,6,314,"(256, 340)","(3, 314, 17, 2)"
v_Basketball_g17_c01,6,111,"(256, 340)","(4, 111, 17, 2)"
v_Basketball_g17_c02,6,113,"(256, 340)","(2, 113, 17, 2)"
v_Basketball_g17_c03,6,213,"(256, 340)","(4, 213, 17, 2)"
v_Basketball_g17_c04,6,83,"(256, 340)","(3, 83, 17, 2)"
v_Basketball_g18_c01,6,235,"(256, 340)","(3, 235, 17, 2)"
v_Basketball_g18_c02,6,101,"(256, 340)","(4, 101, 17, 2)"
v_Basketball_g18_c03,6,173,"(256, 340)","(8, 173, 17, 2)"
v_Basketball_g18_c04,6,186,"(256, 340)","(4, 186, 17, 2)"
v_Basketball_g18_c05,6,142,"(256, 340)","(4, 142, 17, 2)"
v_Basketball_g19_c01,6,77,"(256, 340)","(1, 77, 17, 2)"
v_Basketball_g19_c02,6,142,"(256, 340)","(2, 142, 17, 2)"
v_Basketball_g19_c03,6,119,"(256, 340)","(2, 119, 17, 2)"
v_Basketball_g19_c04,6,117,"(256, 340)","(1, 117, 17, 2)"
v_Basketball_g19_c05,6,150,"(256, 340)","(1, 150, 17, 2)"
v_Basketball_g19_c06,6,100,"(256, 340)","(1, 100, 17, 2)"
v_Basketball_g19_c07,6,136,"(256, 340)","(1, 136, 17, 2)"
v_Basketball_g20_c01,6,119,"(256, 340)","(3, 119, 17, 2)"
v_Basketball_g20_c02,6,174,"(256, 340)","(3, 174, 17, 2)"
v_Basketball_g20_c03,6,104,"(256, 340)","(7, 104, 17, 2)"
v_Basketball_g20_c04,6,119,"(256, 340)","(6, 119, 17, 2)"
v_Basketball_g20_c05,6,119,"(256, 340)","(4, 119, 17, 2)"
v_Basketball_g20_c06,6,87,"(256, 340)","(5, 87, 17, 2)"
v_Basketball_g20_c07,6,73,"(256, 340)","(7, 73, 17, 2)"
v_Basketball_g21_c01,6,69,"(256, 340)","(1, 69, 17, 2)"
v_Basketball_g21_c02,6,86,"(256, 340)","(2, 86, 17, 2)"
v_Basketball_g21_c03,6,181,"(256, 340)","(3, 181, 17, 2)"
v_Basketball_g21_c04,6,129,"(256, 340)","(1, 129, 17, 2)"
v_Basketball_g21_c05,6,177,"(256, 340)","(1, 177, 17, 2)"
v_Basketball_g21_c06,6,20,"(256, 340)","(1, 20, 17, 2)"
v_Basketball_g22_c01,6,119,"(256, 340)","(2, 119, 17, 2)"
v_Basketball_g22_c02,6,101,"(256, 340)","(2, 101, 17, 2)"
v_Basketball_g22_c03,6,131,"(256, 340)","(3, 131, 17, 2)"
v_Basketball_g22_c04,6,100,"(256, 340)","(3, 100, 17, 2)"
v_Basketball_g22_c05,6,87,"(256, 340)","(2, 87, 17, 2)"
v_Basketball_g22_c06,6,100,"(256, 340)","(2, 100, 17, 2)"
v_Basketball_g22_c07,6,98,"(256, 340)","(3, 98, 17, 2)"
v_Basketball_g23_c01,6,137,"(256, 340)","(2, 137, 17, 2)"
v_Basketball_g23_c02,6,119,"(256, 340)","(2, 119, 17, 2)"
v_Basketball_g23_c03,6,119,"(256, 340)","(1, 119, 17, 2)"
v_Basketball_g23_c04,6,118,"(256, 340)","(2, 118, 17, 2)"
v_Basketball_g23_c05,6,102,"(256, 340)","(1, 102, 17, 2)"
v_Basketball_g23_c06,6,96,"(256, 340)","(1, 96, 17, 2)"
v_Basketball_g24_c01,6,132,"(256, 340)","(3, 132, 17, 2)"
v_Basketball_g24_c02,6,119,"(256, 340)","(2, 119, 17, 2)"
v_Basketball_g24_c03,6,116,"(256, 340)","(2, 116, 17, 2)"
v_Basketball_g24_c04,6,119,"(256, 340)","(1, 119, 17, 2)"
v_Basketball_g25_c01,6,124,"(256, 340)","(2, 124, 17, 2)"
v_Basketball_g25_c02,6,178,"(256, 340)","(1, 178, 17, 2)"
v_Basketball_g25_c03,6,145,"(256, 340)","(1, 145, 17, 2)"
v_Basketball_g25_c04,6,107,"(256, 340)","(2, 107, 17, 2)"
v_Basketball_g25_c05,6,179,"(256, 340)","(2, 179, 17, 2)"
v_Basketball_g25_c06,6,110,"(256, 340)","(1, 110, 17, 2)"
v_Basketball_g25_c07,6,130,"(256, 340)","(2, 130, 17, 2)"
v_Biking_g08_c01,0,200,"(256, 340)","(5, 200, 17, 2)"
v_Biking_g08_c02,0,122,"(256, 340)","(4, 122, 17, 2)"
v_Biking_g08_c03,0,199,"(256, 340)","(5, 199, 17, 2)"
v_Biking_g08_c04,0,196,"(256, 340)","(2, 196, 17, 2)"
v_Biking_g08_c05,0,239,"(256, 340)","(3, 239, 17, 2)"
v_Biking_g08_c06,0,235,"(256, 340)","(3, 235, 17, 2)"
v_Biking_g09_c01,0,172,"(256, 340)","(2, 172, 17, 2)"
v_Biking_g09_c02,0,179,"(256, 340)","(3, 179, 17, 2)"
v_Biking_g09_c03,0,200,"(256, 340)","(7, 200, 17, 2)"
v_Biking_g09_c04,0,195,"(256, 340)","(5, 195, 17, 2)"
v_Biking_g10_c01,0,239,"(256, 340)","(3, 239, 17, 2)"
v_Biking_g10_c02,0,239,"(256, 340)","(3, 239, 17, 2)"
v_Biking_g10_c03,0,239,"(256, 340)","(3, 239, 17, 2)"
v_Biking_g10_c04,0,239,"(256, 340)","(3, 239, 17, 2)"
v_Biking_g10_c05,0,235,"(256, 340)","(3, 235, 17, 2)"
v_Biking_g10_c06,0,236,"(256, 340)","(3, 236, 17, 2)"
v_Biking_g11_c01,0,150,"(256, 340)","(2, 150, 17, 2)"
v_Biking_g11_c02,0,150,"(256, 340)","(3, 150, 17, 2)"
v_Biking_g11_c03,0,130,"(256, 340)","(3, 130, 17, 2)"
v_Biking_g11_c04,0,209,"(256, 340)","(3, 209, 17, 2)"
v_Biking_g11_c05,0,152,"(256, 340)","(4, 152, 17, 2)"
v_Biking_g11_c06,0,108,"(256, 340)","(1, 108, 17, 2)"
v_Biking_g12_c01,0,232,"(256, 340)","(4, 232, 17, 2)"
v_Biking_g12_c02,0,197,"(256, 340)","(5, 197, 17, 2)"
v_Biking_g12_c03,0,200,"(256, 340)","(3, 200, 17, 2)"
v_Biking_g12_c04,0,199,"(256, 340)","(3, 199, 17, 2)"
v_Biking_g13_c01,0,146,"(256, 340)","(2, 146, 17, 2)"
v_Biking_g13_c02,0,150,"(256, 340)","(2, 150, 17, 2)"
v_Biking_g13_c03,0,108,"(256, 340)","(3, 108, 17, 2)"
v_Biking_g13_c04,0,239,"(256, 340)","(3, 239, 17, 2)"
v_Biking_g13_c05,0,235,"(256, 340)","(3, 235, 17, 2)"
v_Biking_g13_c06,0,162,"(256, 340)","(3, 162, 17, 2)"
v_Biking_g14_c01,0,125,"(256, 340)","(2, 125, 17, 2)"
v_Biking_g14_c02,0,168,"(256, 340)","(2, 168, 17, 2)"
v_Biking_g14_c03,0,122,"(256, 340)","(1, 122, 17, 2)"
v_Biking_g14_c04,0,156,"(256, 340)","(4, 156, 17, 2)"
v_Biking_g15_c01,0,239,"(256, 340)","(2, 239, 17, 2)"
v_Biking_g15_c02,0,239,"(256, 340)","(2, 239, 17, 2)"
v_Biking_g15_c03,0,239,"(256, 340)","(2, 239, 17, 2)"
v_Biking_g15_c04,0,239,"(256, 340)","(3, 239, 17, 2)"
v_Biking_g15_c05,0,239,"(256, 340)","(2, 239, 17, 2)"
v_Biking_g16_c01,0,239,"(256, 340)","(5, 239, 17, 2)"
v_Biking_g16_c02,0,198,"(256, 340)","(3, 198, 17, 2)"
v_Biking_g16_c03,0,161,"(256, 340)","(2, 161, 17, 2)"
v_Biking_g16_c04,0,174,"(256, 340)","(3, 174, 17, 2)"
v_Biking_g16_c05,0,232,"(256, 340)","(4, 232, 17, 2)"
v_Biking_g17_c01,0,151,"(256, 340)","(3, 151, 17, 2)"
v_Biking_g17_c02,0,239,"(256, 340)","(2, 239, 17, 2)"
v_Biking_g17_c03,0,179,"(256, 340)","(3, 179, 17, 2)"
v_Biking_g17_c04,0,203,"(256, 340)","(2, 203, 17, 2)"
v_Biking_g17_c05,0,203,"(256, 340)","(3, 203, 17, 2)"
v_Biking_g17_c06,0,239,"(256, 340)","(3, 239, 17, 2)"
v_Biking_g18_c01,0,150,"(256, 340)","(3, 150, 17, 2)"
v_Biking_g18_c02,0,180,"(256, 340)","(2, 180, 17, 2)"
v_Biking_g18_c03,0,194,"(256, 340)","(1, 194, 17, 2)"
v_Biking_g18_c04,0,180,"(256, 340)","(1, 180, 17, 2)"
v_Biking_g18_c05,0,208,"(256, 340)","(3, 208, 17, 2)"
v_Biking_g18_c06,0,239,"(256, 340)","(1, 239, 17, 2)"
v_Biking_g19_c01,0,150,"(256, 340)","(4, 150, 17, 2)"
v_Biking_g19_c02,0,150,"(256, 340)","(1, 150, 17, 2)"
v_Biking_g19_c03,0,150,"(256, 340)","(2, 150, 17, 2)"
v_Biking_g19_c04,0,150,"(256, 340)","(2, 150, 17, 2)"
v_Biking_g20_c01,0,329,"(256, 340)","(4, 329, 17, 2)"
v_Biking_g20_c02,0,339,"(256, 340)","(3, 339, 17, 2)"
v_Biking_g20_c03,0,335,"(256, 340)","(1, 335, 17, 2)"
v_Biking_g20_c04,0,323,"(256, 340)","(6, 323, 17, 2)"
v_Biking_g20_c05,0,353,"(256, 340)","(3, 353, 17, 2)"
v_Biking_g20_c06,0,357,"(256, 340)","(5, 357, 17, 2)"
v_Biking_g20_c07,0,358,"(256, 340)","(3, 358, 17, 2)"
v_Biking_g21_c01,0,206,"(256, 340)","(3, 206, 17, 2)"
v_Biking_g21_c02,0,239,"(256, 340)","(2, 239, 17, 2)"
v_Biking_g21_c03,0,121,"(256, 340)","(2, 121, 17, 2)"
v_Biking_g21_c04,0,236,"(256, 340)","(2, 236, 17, 2)"
v_Biking_g21_c05,0,206,"(256, 340)","(3, 206, 17, 2)"
v_Biking_g21_c06,0,234,"(256, 340)","(3, 234, 17, 2)"
v_Biking_g21_c07,0,179,"(256, 340)","(2, 179, 17, 2)"
v_Biking_g22_c01,0,218,"(256, 340)","(3, 218, 17, 2)"
v_Biking_g22_c02,0,140,"(256, 340)","(3, 140, 17, 2)"
v_Biking_g22_c03,0,315,"(256, 340)","(3, 315, 17, 2)"
v_Biking_g22_c04,0,406,"(256, 340)","(2, 406, 17, 2)"
v_Biking_g22_c05,0,205,"(256, 340)","(2, 205, 17, 2)"
v_Biking_g23_c01,0,534,"(256, 340)","(4, 534, 17, 2)"
v_Biking_g23_c02,0,597,"(256, 340)","(3, 597, 17, 2)"
v_Biking_g23_c03,0,447,"(256, 340)","(2, 447, 17, 2)"
v_Biking_g23_c04,0,446,"(256, 340)","(3, 446, 17, 2)"
v_Biking_g24_c01,0,174,"(256, 340)","(3, 174, 17, 2)"
v_Biking_g24_c02,0,211,"(256, 340)","(2, 211, 17, 2)"
v_Biking_g24_c03,0,166,"(256, 340)","(2, 166, 17, 2)"
v_Biking_g24_c04,0,208,"(256, 340)","(2, 208, 17, 2)"
v_Biking_g24_c05,0,239,"(256, 340)","(3, 239, 17, 2)"
v_Biking_g24_c06,0,235,"(256, 340)","(3, 235, 17, 2)"
v_Biking_g24_c07,0,179,"(256, 340)","(3, 179, 17, 2)"
v_Biking_g25_c01,0,150,"(256, 340)","(2, 150, 17, 2)"
v_Biking_g25_c02,0,150,"(256, 340)","(2, 150, 17, 2)"
v_Biking_g25_c03,0,174,"(256, 340)","(3, 174, 17, 2)"
v_Biking_g25_c04,0,200,"(256, 340)","(1, 200, 17, 2)"
v_BlowDryHair_g08_c01,9,367,"(256, 340)","(3, 367, 17, 2)"
v_BlowDryHair_g08_c02,9,332,"(256, 340)","(3, 332, 17, 2)"
v_BlowDryHair_g08_c03,9,490,"(256, 340)","(3, 490, 17, 2)"
v_BlowDryHair_g08_c04,9,406,"(256, 340)","(2, 406, 17, 2)"
v_BlowDryHair_g08_c05,9,441,"(256, 340)","(4, 441, 17, 2)"
v_BlowDryHair_g08_c06,9,427,"(256, 340)","(3, 427, 17, 2)"
v_BlowDryHair_g08_c07,9,429,"(256, 340)","(3, 429, 17, 2)"
v_BlowDryHair_g09_c01,9,623,"(256, 340)","(6, 623, 17, 2)"
v_BlowDryHair_g09_c02,9,568,"(256, 340)","(5, 568, 17, 2)"
v_BlowDryHair_g09_c03,9,551,"(256, 340)","(5, 551, 17, 2)"
v_BlowDryHair_g09_c04,9,566,"(256, 340)","(5, 566, 17, 2)"
v_BlowDryHair_g10_c01,9,209,"(256, 340)","(3, 209, 17, 2)"
v_BlowDryHair_g10_c02,9,327,"(256, 340)","(4, 327, 17, 2)"
v_BlowDryHair_g10_c03,9,326,"(256, 340)","(2, 326, 17, 2)"
v_BlowDryHair_g10_c04,9,293,"(256, 340)","(4, 293, 17, 2)"
v_BlowDryHair_g10_c05,9,186,"(256, 340)","(3, 186, 17, 2)"
v_BlowDryHair_g10_c06,9,176,"(256, 340)","(3, 176, 17, 2)"
v_BlowDryHair_g10_c07,9,176,"(256, 340)","(3, 176, 17, 2)"
v_BlowDryHair_g11_c01,9,550,"(256, 340)","(3, 550, 17, 2)"
v_BlowDryHair_g11_c02,9,442,"(256, 340)","(3, 442, 17, 2)"
v_BlowDryHair_g11_c03,9,413,"(256, 340)","(4, 413, 17, 2)"
v_BlowDryHair_g11_c04,9,517,"(256, 340)","(3, 517, 17, 2)"
v_BlowDryHair_g11_c05,9,390,"(256, 340)","(3, 390, 17, 2)"
v_BlowDryHair_g11_c06,9,439,"(256, 340)","(3, 439, 17, 2)"
v_BlowDryHair_g11_c07,9,439,"(256, 340)","(3, 439, 17, 2)"
v_BlowDryHair_g12_c01,9,602,"(256, 340)","(3, 602, 17, 2)"
v_BlowDryHair_g12_c02,9,583,"(256, 340)","(3, 583, 17, 2)"
v_BlowDryHair_g12_c03,9,514,"(256, 340)","(3, 514, 17, 2)"
v_BlowDryHair_g12_c04,9,630,"(256, 340)","(3, 630, 17, 2)"
v_BlowDryHair_g12_c05,9,321,"(256, 340)","(4, 321, 17, 2)"
v_BlowDryHair_g12_c06,9,269,"(256, 340)","(3, 269, 17, 2)"
v_BlowDryHair_g13_c01,9,159,"(256, 340)","(3, 159, 17, 2)"
v_BlowDryHair_g13_c02,9,187,"(256, 340)","(4, 187, 17, 2)"
v_BlowDryHair_g13_c03,9,230,"(256, 340)","(3, 230, 17, 2)"
v_BlowDryHair_g13_c04,9,168,"(256, 340)","(2, 168, 17, 2)"
v_BlowDryHair_g14_c01,9,218,"(256, 340)","(3, 218, 17, 2)"
v_BlowDryHair_g14_c02,9,241,"(256, 340)","(3, 241, 17, 2)"
v_BlowDryHair_g14_c03,9,198,"(256, 340)","(3, 198, 17, 2)"
v_BlowDryHair_g14_c04,9,199,"(256, 340)","(3, 199, 17, 2)"
v_BlowDryHair_g14_c05,9,211,"(256, 340)","(5, 211, 17, 2)"
v_BlowDryHair_g15_c01,9,96,"(256, 340)","(2, 96, 17, 2)"
v_BlowDryHair_g15_c02,9,111,"(256, 340)","(5, 111, 17, 2)"
v_BlowDryHair_g15_c03,9,75,"(256, 340)","(4, 75, 17, 2)"
v_BlowDryHair_g15_c04,9,72,"(256, 340)","(2, 72, 17, 2)"
v_BlowDryHair_g15_c05,9,109,"(256, 340)","(2, 109, 17, 2)"
v_BlowDryHair_g16_c01,9,118,"(256, 340)","(2, 118, 17, 2)"
v_BlowDryHair_g16_c02,9,122,"(256, 340)","(2, 122, 17, 2)"
v_BlowDryHair_g16_c03,9,120,"(256, 340)","(3, 120, 17, 2)"
v_BlowDryHair_g16_c04,9,119,"(256, 340)","(2, 119, 17, 2)"
v_BlowDryHair_g17_c01,9,256,"(256, 340)","(2, 256, 17, 2)"
v_BlowDryHair_g17_c02,9,251,"(256, 340)","(3, 251, 17, 2)"
v_BlowDryHair_g17_c03,9,349,"(256, 340)","(2, 349, 17, 2)"
v_BlowDryHair_g17_c04,9,215,"(256, 340)","(4, 215, 17, 2)"
v_BlowDryHair_g17_c05,9,222,"(256, 340)","(4, 222, 17, 2)"
v_BlowDryHair_g18_c01,9,293,"(256, 340)","(5, 293, 17, 2)"
v_BlowDryHair_g18_c02,9,289,"(256, 340)","(5, 289, 17, 2)"
v_BlowDryHair_g18_c03,9,228,"(256, 340)","(3, 228, 17, 2)"
v_BlowDryHair_g18_c04,9,282,"(256, 340)","(4, 282, 17, 2)"
v_BlowDryHair_g18_c05,9,240,"(256, 340)","(4, 240, 17, 2)"
v_BlowDryHair_g19_c01,9,204,"(256, 340)","(2, 204, 17, 2)"
v_BlowDryHair_g19_c02,9,207,"(256, 340)","(2, 207, 17, 2)"
v_BlowDryHair_g19_c03,9,129,"(256, 340)","(3, 129, 17, 2)"
v_BlowDryHair_g19_c04,9,86,"(256, 340)","(1, 86, 17, 2)"
v_BlowDryHair_g20_c01,9,156,"(256, 340)","(2, 156, 17, 2)"
v_BlowDryHair_g20_c02,9,223,"(256, 340)","(3, 223, 17, 2)"
v_BlowDryHair_g20_c03,9,149,"(256, 340)","(2, 149, 17, 2)"
v_BlowDryHair_g20_c04,9,102,"(256, 340)","(1, 102, 17, 2)"
v_BlowDryHair_g20_c05,9,191,"(256, 340)","(2, 191, 17, 2)"
v_BlowDryHair_g21_c01,9,196,"(256, 340)","(3, 196, 17, 2)"
v_BlowDryHair_g21_c02,9,108,"(256, 340)","(3, 108, 17, 2)"
v_BlowDryHair_g21_c03,9,157,"(256, 340)","(3, 157, 17, 2)"
v_BlowDryHair_g21_c04,9,129,"(256, 340)","(2, 129, 17, 2)"
v_BlowDryHair_g21_c05,9,145,"(256, 340)","(3, 145, 17, 2)"
v_BlowDryHair_g21_c06,9,143,"(256, 340)","(4, 143, 17, 2)"
v_BlowDryHair_g22_c01,9,233,"(256, 340)","(3, 233, 17, 2)"
v_BlowDryHair_g22_c02,9,121,"(256, 340)","(2, 121, 17, 2)"
v_BlowDryHair_g22_c03,9,163,"(256, 340)","(3, 163, 17, 2)"
v_BlowDryHair_g22_c04,9,178,"(256, 340)","(3, 178, 17, 2)"
v_BlowDryHair_g23_c01,9,390,"(256, 340)","(2, 390, 17, 2)"
v_BlowDryHair_g23_c02,9,142,"(256, 340)","(3, 142, 17, 2)"
v_BlowDryHair_g23_c03,9,154,"(256, 340)","(2, 154, 17, 2)"
v_BlowDryHair_g23_c04,9,184,"(256, 340)","(2, 184, 17, 2)"
v_BlowDryHair_g23_c05,9,378,"(256, 340)","(2, 378, 17, 2)"
v_BlowDryHair_g23_c06,9,281,"(256, 340)","(4, 281, 17, 2)"
v_BlowDryHair_g23_c07,9,456,"(256, 340)","(3, 456, 17, 2)"
v_BlowDryHair_g24_c01,9,100,"(256, 340)","(2, 100, 17, 2)"
v_BlowDryHair_g24_c02,9,82,"(256, 340)","(2, 82, 17, 2)"
v_BlowDryHair_g24_c03,9,99,"(256, 340)","(2, 99, 17, 2)"
v_BlowDryHair_g24_c04,9,95,"(256, 340)","(1, 95, 17, 2)"
v_BlowDryHair_g25_c01,9,68,"(256, 340)","(4, 68, 17, 2)"
v_BlowDryHair_g25_c02,9,124,"(256, 340)","(2, 124, 17, 2)"
v_BlowDryHair_g25_c03,9,116,"(256, 340)","(2, 116, 17, 2)"
v_BlowDryHair_g25_c04,9,68,"(256, 340)","(2, 68, 17, 2)"
v_BoxingPunchingBag_g08_c01,1,305,"(256, 340)","(2, 305, 17, 2)"
v_BoxingPunchingBag_g08_c02,1,363,"(256, 340)","(2, 363, 17, 2)"
v_BoxingPunchingBag_g08_c03,1,265,"(256, 340)","(2, 265, 17, 2)"
v_BoxingPunchingBag_g08_c04,1,403,"(256, 340)","(3, 403, 17, 2)"
v_BoxingPunchingBag_g08_c05,1,429,"(256, 340)","(3, 429, 17, 2)"
v_BoxingPunchingBag_g08_c06,1,491,"(256, 340)","(2, 491, 17, 2)"
v_BoxingPunchingBag_g08_c07,1,471,"(256, 340)","(3, 471, 17, 2)"
v_BoxingPunchingBag_g09_c01,1,144,"(256, 340)","(4, 144, 17, 2)"
v_BoxingPunchingBag_g09_c02,1,173,"(256, 340)","(3, 173, 17, 2)"
v_BoxingPunchingBag_g09_c03,1,146,"(256, 340)","(2, 146, 17, 2)"
v_BoxingPunchingBag_g09_c04,1,145,"(256, 340)","(2, 145, 17, 2)"
v_BoxingPunchingBag_g09_c05,1,216,"(256, 340)","(3, 216, 17, 2)"
v_BoxingPunchingBag_g09_c06,1,161,"(256, 340)","(2, 161, 17, 2)"
v_BoxingPunchingBag_g09_c07,1,158,"(256, 340)","(3, 158, 17, 2)"
v_BoxingPunchingBag_g10_c01,1,100,"(256, 340)","(5, 100, 17, 2)"
v_BoxingPunchingBag_g10_c02,1,100,"(256, 340)","(6, 100, 17, 2)"
v_BoxingPunchingBag_g10_c03,1,118,"(256, 340)","(5, 118, 17, 2)"
v_BoxingPunchingBag_g10_c04,1,108,"(256, 340)","(7, 108, 17, 2)"
v_BoxingPunchingBag_g11_c01,1,166,"(256, 340)","(4, 166, 17, 2)"
v_BoxingPunchingBag_g11_c02,1,173,"(256, 340)","(4, 173, 17, 2)"
v_BoxingPunchingBag_g11_c03,1,178,"(256, 340)","(6, 178, 17, 2)"
v_BoxingPunchingBag_g11_c04,1,216,"(256, 340)","(6, 216, 17, 2)"
v_BoxingPunchingBag_g11_c05,1,302,"(256, 340)","(6, 302, 17, 2)"
v_BoxingPunchingBag_g12_c01,1,161,"(256, 340)","(1, 161, 17, 2)"
v_BoxingPunchingBag_g12_c02,1,136,"(256, 340)","(2, 136, 17, 2)"
v_BoxingPunchingBag_g12_c03,1,159,"(256, 340)","(1, 159, 17, 2)"
v_BoxingPunchingBag_g12_c04,1,118,"(256, 340)","(1, 118, 17, 2)"
v_BoxingPunchingBag_g12_c05,1,231,"(256, 340)","(1, 231, 17, 2)"
v_BoxingPunchingBag_g12_c06,1,241,"(256, 340)","(1, 241, 17, 2)"
v_BoxingPunchingBag_g12_c07,1,160,"(256, 340)","(1, 160, 17, 2)"
v_BoxingPunchingBag_g13_c01,1,112,"(256, 340)","(2, 112, 17, 2)"
v_BoxingPunchingBag_g13_c02,1,116,"(256, 340)","(2, 116, 17, 2)"
v_BoxingPunchingBag_g13_c03,1,106,"(256, 340)","(2, 106, 17, 2)"
v_BoxingPunchingBag_g13_c04,1,163,"(256, 340)","(2, 163, 17, 2)"
v_BoxingPunchingBag_g14_c01,1,255,"(256, 340)","(2, 255, 17, 2)"
v_BoxingPunchingBag_g14_c02,1,104,"(256, 340)","(2, 104, 17, 2)"
v_BoxingPunchingBag_g14_c03,1,167,"(256, 340)","(2, 167, 17, 2)"
v_BoxingPunchingBag_g14_c04,1,163,"(256, 340)","(1, 163, 17, 2)"
v_BoxingPunchingBag_g14_c05,1,124,"(256, 340)","(2, 124, 17, 2)"
v_BoxingPunchingBag_g14_c06,1,234,"(256, 340)","(1, 234, 17, 2)"
v_BoxingPunchingBag_g14_c07,1,221,"(256, 340)","(1, 221, 17, 2)"
v_BoxingPunchingBag_g15_c01,1,131,"(256, 340)","(2, 131, 17, 2)"
v_BoxingPunchingBag_g15_c02,1,182,"(256, 340)","(2, 182, 17, 2)"
v_BoxingPunchingBag_g15_c03,1,168,"(256, 340)","(3, 168, 17, 2)"
v_BoxingPunchingBag_g15_c04,1,153,"(256, 340)","(2, 153, 17, 2)"
v_BoxingPunchingBag_g15_c05,1,199,"(256, 340)","(3, 199, 17, 2)"
v_BoxingPunchingBag_g15_c06,1,228,"(256, 340)","(2, 228, 17, 2)"
v_BoxingPunchingBag_g15_c07,1,166,"(256, 340)","(2, 166, 17, 2)"
v_BoxingPunchingBag_g16_c01,1,199,"(256, 340)","(3, 199, 17, 2)"
v_BoxingPunchingBag_g16_c02,1,121,"(256, 340)","(4, 121, 17, 2)"
v_BoxingPunchingBag_g16_c03,1,172,"(256, 340)","(3, 172, 17, 2)"
v_BoxingPunchingBag_g16_c04,1,99,"(256, 340)","(4, 99, 17, 2)"
v_BoxingPunchingBag_g16_c05,1,100,"(256, 340)","(1, 100, 17, 2)"
v_BoxingPunchingBag_g16_c06,1,174,"(256, 340)","(3, 174, 17, 2)"
v_BoxingPunchingBag_g16_c07,1,156,"(256, 340)","(3, 156, 17, 2)"
v_BoxingPunchingBag_g17_c01,1,144,"(256, 340)","(2, 144, 17, 2)"
v_BoxingPunchingBag_g17_c02,1,195,"(256, 340)","(3, 195, 17, 2)"
v_BoxingPunchingBag_g17_c03,1,111,"(256, 340)","(2, 111, 17, 2)"
v_BoxingPunchingBag_g17_c04,1,187,"(256, 340)","(3, 187, 17, 2)"
v_BoxingPunchingBag_g18_c01,1,198,"(256, 340)","(4, 198, 17, 2)"
v_BoxingPunchingBag_g18_c02,1,197,"(256, 340)","(3, 197, 17, 2)"
v_BoxingPunchingBag_g18_c03,1,205,"(256, 340)","(4, 205, 17, 2)"
v_BoxingPunchingBag_g18_c04,1,135,"(256, 340)","(5, 135, 17, 2)"
v_BoxingPunchingBag_g18_c05,1,214,"(256, 340)","(6, 214, 17, 2)"
v_BoxingPunchingBag_g18_c06,1,172,"(256, 340)","(3, 172, 17, 2)"
v_BoxingPunchingBag_g19_c01,1,188,"(256, 340)","(4, 188, 17, 2)"
v_BoxingPunchingBag_g19_c02,1,103,"(256, 340)","(3, 103, 17, 2)"
v_BoxingPunchingBag_g19_c03,1,130,"(256, 340)","(3, 130, 17, 2)"
v_BoxingPunchingBag_g19_c04,1,130,"(256, 340)","(4, 130, 17, 2)"
v_BoxingPunchingBag_g19_c05,1,117,"(256, 340)","(3, 117, 17, 2)"
v_BoxingPunchingBag_g19_c06,1,104,"(256, 340)","(3, 104, 17, 2)"
v_BoxingPunchingBag_g19_c07,1,146,"(256, 340)","(3, 146, 17, 2)"
v_BoxingPunchingBag_g20_c01,1,236,"(256, 340)","(2, 236, 17, 2)"
v_BoxingPunchingBag_g20_c02,1,172,"(256, 340)","(2, 172, 17, 2)"
v_BoxingPunchingBag_g20_c03,1,215,"(256, 340)","(2, 215, 17, 2)"
v_BoxingPunchingBag_g20_c04,1,175,"(256, 340)","(2, 175, 17, 2)"
v_BoxingPunchingBag_g20_c05,1,247,"(256, 340)","(2, 247, 17, 2)"
v_BoxingPunchingBag_g20_c06,1,248,"(256, 340)","(2, 248, 17, 2)"
v_BoxingPunchingBag_g20_c07,1,156,"(256, 340)","(2, 156, 17, 2)"
v_BoxingPunchingBag_g21_c01,1,303,"(256, 340)","(2, 303, 17, 2)"
v_BoxingPunchingBag_g21_c02,1,141,"(256, 340)","(1, 141, 17, 2)"
v_BoxingPunchingBag_g21_c03,1,206,"(256, 340)","(2, 206, 17, 2)"
v_BoxingPunchingBag_g21_c04,1,140,"(256, 340)","(2, 140, 17, 2)"
v_BoxingPunchingBag_g21_c05,1,180,"(256, 340)","(1, 180, 17, 2)"
v_BoxingPunchingBag_g21_c06,1,170,"(256, 340)","(1, 170, 17, 2)"
v_BoxingPunchingBag_g21_c07,1,162,"(256, 340)","(1, 162, 17, 2)"
v_BoxingPunchingBag_g22_c01,1,231,"(256, 340)","(2, 231, 17, 2)"
v_BoxingPunchingBag_g22_c02,1,193,"(256, 340)","(2, 193, 17, 2)"
v_BoxingPunchingBag_g22_c03,1,197,"(256, 340)","(2, 197, 17, 2)"
v_BoxingPunchingBag_g22_c04,1,138,"(256, 340)","(1, 138, 17, 2)"
v_BoxingPunchingBag_g22_c05,1,172,"(256, 340)","(4, 172, 17, 2)"
v_BoxingPunchingBag_g22_c06,1,140,"(256, 340)","(2, 140, 17, 2)"
v_BoxingPunchingBag_g22_c07,1,202,"(256, 340)","(2, 202, 17, 2)"
v_BoxingPunchingBag_g23_c01,1,233,"(256, 340)","(3, 233, 17, 2)"
v_BoxingPunchingBag_g23_c02,1,160,"(256, 340)","(2, 160, 17, 2)"
v_BoxingPunchingBag_g23_c03,1,191,"(256, 340)","(2, 191, 17, 2)"
v_BoxingPunchingBag_g23_c04,1,260,"(256, 340)","(2, 260, 17, 2)"
v_BoxingPunchingBag_g23_c05,1,162,"(256, 340)","(2, 162, 17, 2)"
v_BoxingPunchingBag_g23_c06,1,108,"(256, 340)","(2, 108, 17, 2)"
v_BoxingPunchingBag_g23_c07,1,112,"(256, 340)","(2, 112, 17, 2)"
v_BoxingPunchingBag_g24_c01,1,167,"(256, 340)","(6, 167, 17, 2)"
v_BoxingPunchingBag_g24_c02,1,321,"(256, 340)","(5, 321, 17, 2)"
v_BoxingPunchingBag_g24_c03,1,224,"(256, 340)","(4, 224, 17, 2)"
v_BoxingPunchingBag_g24_c04,1,219,"(256, 340)","(4, 219, 17, 2)"
v_BoxingPunchingBag_g24_c05,1,338,"(256, 340)","(5, 338, 17, 2)"
v_BoxingPunchingBag_g24_c06,1,166,"(256, 340)","(6, 166, 17, 2)"
v_BoxingPunchingBag_g24_c07,1,262,"(256, 340)","(5, 262, 17, 2)"
v_BoxingPunchingBag_g25_c01,1,124,"(256, 340)","(1, 124, 17, 2)"
v_BoxingPunchingBag_g25_c02,1,119,"(256, 340)","(1, 119, 17, 2)"
v_BoxingPunchingBag_g25_c03,1,125,"(256, 340)","(1, 125, 17, 2)"
v_BoxingPunchingBag_g25_c04,1,119,"(256, 340)","(2, 119, 17, 2)"
v_BoxingPunchingBag_g25_c05,1,99,"(256, 340)","(1, 99, 17, 2)"
v_BoxingPunchingBag_g25_c06,1,250,"(256, 340)","(2, 250, 17, 2)"
v_BoxingPunchingBag_g25_c07,1,101,"(256, 340)","(2, 101, 17, 2)"
v_Diving_g08_c01,2,167,"(256, 340)","(8, 167, 17, 2)"
v_Diving_g08_c02,2,147,"(256, 340)","(9, 147, 17, 2)"
v_Diving_g08_c03,2,157,"(256, 340)","(7, 157, 17, 2)"
v_Diving_g08_c04,2,144,"(256, 340)","(4, 144, 17, 2)"
v_Diving_g08_c05,2,154,"(256, 340)","(6, 154, 17, 2)"
v_Diving_g08_c06,2,218,"(256, 340)","(6, 218, 17, 2)"
v_Diving_g09_c01,2,191,"(256, 340)","(8, 191, 17, 2)"
v_Diving_g09_c02,2,177,"(256, 340)","(4, 177, 17, 2)"
v_Diving_g09_c03,2,211,"(256, 340)","(3, 211, 17, 2)"
v_Diving_g09_c04,2,175,"(256, 340)","(6, 175, 17, 2)"
v_Diving_g09_c05,2,108,"(256, 340)","(8, 108, 17, 2)"
v_Diving_g09_c06,2,100,"(256, 340)","(2, 100, 17, 2)"
v_Diving_g09_c07,2,108,"(256, 340)","(4, 108, 17, 2)"
v_Diving_g10_c01,2,135,"(256, 340)","(2, 135, 17, 2)"
v_Diving_g10_c02,2,117,"(256, 340)","(2, 117, 17, 2)"
v_Diving_g10_c03,2,62,"(256, 340)","(1, 62, 17, 2)"
v_Diving_g10_c04,2,99,"(256, 340)","(1, 99, 17, 2)"
v_Diving_g10_c05,2,162,"(256, 340)","(4, 162, 17, 2)"
v_Diving_g10_c06,2,149,"(256, 340)","(2, 149, 17, 2)"
v_Diving_g10_c07,2,143,"(256, 340)","(3, 143, 17, 2)"
v_Diving_g11_c01,2,121,"(256, 340)","(2, 121, 17, 2)"
v_Diving_g11_c02,2,124,"(256, 340)","(4, 124, 17, 2)"
v_Diving_g11_c03,2,133,"(256, 340)","(4, 133, 17, 2)"
v_Diving_g11_c04,2,157,"(256, 340)","(4, 157, 17, 2)"
v_Diving_g11_c05,2,169,"(256, 340)","(1, 169, 17, 2)"
v_Diving_g11_c06,2,180,"(256, 340)","(1, 180, 17, 2)"
v_Diving_g12_c01,2,160,"(256, 340)","(4, 160, 17, 2)"
v_Diving_g12_c02,2,155,"(256, 340)","(2, 155, 17, 2)"
v_Diving_g12_c03,2,183,"(256, 340)","(3, 183, 17, 2)"
v_Diving_g12_c04,2,201,"(256, 340)","(3, 201, 17, 2)"
v_Diving_g12_c05,2,275,"(256, 340)","(1, 275, 17, 2)"
v_Diving_g12_c06,2,307,"(256, 340)","(8, 307, 17, 2)"
v_Diving_g12_c07,2,210,"(256, 340)","(2, 210, 17, 2)"
v_Diving_g13_c01,2,223,"(256, 340)","(5, 223, 17, 2)"
v_Diving_g13_c02,2,152,"(256, 340)","(10, 152, 17, 2)"
v_Diving_g13_c03,2,170,"(256, 340)","(7, 170, 17, 2)"
v_Diving_g13_c04,2,130,"(256, 340)","(7, 130, 17, 2)"
v_Diving_g13_c05,2,154,"(256, 340)","(3, 154, 17, 2)"
v_Diving_g13_c06,2,123,"(256, 340)","(2, 123, 17, 2)"
v_Diving_g13_c07,2,176,"(256, 340)","(3, 176, 17, 2)"
v_Diving_g14_c01,2,217,"(256, 340)","(3, 217, 17, 2)"
v_Diving_g14_c02,2,303,"(256, 340)","(4, 303, 17, 2)"
v_Diving_g14_c03,2,204,"(256, 340)","(4, 204, 17, 2)"
v_Diving_g14_c04,2,163,"(256, 340)","(1, 163, 17, 2)"
v_Diving_g15_c01,2,142,"(256, 340)","(1, 142, 17, 2)"
v_Diving_g15_c02,2,199,"(256, 340)","(1, 199, 17, 2)"
v_Diving_g15_c03,2,65,"(256, 340)","(1, 65, 17, 2)"
v_Diving_g15_c04,2,110,"(256, 340)","(2, 110, 17, 2)"
v_Diving_g15_c05,2,198,"(256, 340)","(1, 198, 17, 2)"
v_Diving_g15_c06,2,190,"(256, 340)","(1, 190, 17, 2)"
v_Diving_g15_c07,2,101,"(256, 340)","(1, 101, 17, 2)"
v_Diving_g16_c01,2,280,"(256, 340)","(4, 280, 17, 2)"
v_Diving_g16_c02,2,158,"(256, 340)","(2, 158, 17, 2)"
v_Diving_g16_c03,2,203,"(256, 340)","(9, 203, 17, 2)"
v_Diving_g16_c04,2,100,"(256, 340)","(2, 100, 17, 2)"
v_Diving_g16_c05,2,246,"(256, 340)","(5, 246, 17, 2)"
v_Diving_g17_c01,2,299,"(256, 340)","(3, 299, 17, 2)"
v_Diving_g17_c02,2,152,"(256, 340)","(9, 152, 17, 2)"
v_Diving_g17_c03,2,152,"(256, 340)","(3, 152, 17, 2)"
v_Diving_g17_c04,2,44,"(256, 340)","(2, 44, 17, 2)"
v_Diving_g18_c01,2,255,"(256, 340)","(4, 255, 17, 2)"
v_Diving_g18_c02,2,71,"(256, 340)","(10, 71, 17, 2)"
v_Diving_g18_c03,2,153,"(256, 340)","(8, 153, 17, 2)"
v_Diving_g18_c04,2,129,"(256, 340)","(3, 129, 17, 2)"
v_Diving_g19_c01,2,205,"(256, 340)","(3, 205, 17, 2)"
v_Diving_g19_c02,2,170,"(256, 340)","(7, 170, 17, 2)"
v_Diving_g19_c03,2,170,"(256, 340)","(6, 170, 17, 2)"
v_Diving_g19_c04,2,206,"(256, 340)","(6, 206, 17, 2)"
v_Diving_g20_c01,2,89,"(256, 340)","(4, 89, 17, 2)"
v_Diving_g20_c02,2,110,"(256, 340)","(6, 110, 17, 2)"
v_Diving_g20_c03,2,105,"(256, 340)","(5, 105, 17, 2)"
v_Diving_g20_c04,2,150,"(256, 340)","(7, 150, 17, 2)"
v_Diving_g20_c05,2,91,"(256, 340)","(7, 91, 17, 2)"
v_Diving_g20_c06,2,113,"(256, 340)","(5, 113, 17, 2)"
v_Diving_g20_c07,2,150,"(256, 340)","(5, 150, 17, 2)"
v_Diving_g21_c01,2,142,"(256, 340)","(4, 142, 17, 2)"
v_Diving_g21_c02,2,138,"(256, 340)","(2, 138, 17, 2)"
v_Diving_g21_c03,2,204,"(256, 340)","(2, 204, 17, 2)"
v_Diving_g21_c04,2,312,"(256, 340)","(3, 312, 17, 2)"
v_Diving_g21_c05,2,180,"(256, 340)","(3, 180, 17, 2)"
v_Diving_g21_c06,2,191,"(256, 340)","(2, 191, 17, 2)"
v_Diving_g21_c07,2,136,"(256, 340)","(1, 136, 17, 2)"
v_Diving_g22_c01,2,147,"(256, 340)","(2, 147, 17, 2)"
v_Diving_g22_c02,2,152,"(256, 340)","(5, 152, 17, 2)"
v_Diving_g22_c03,2,135,"(256, 340)","(4, 135, 17, 2)"
v_Diving_g22_c04,2,219,"(256, 340)","(5, 219, 17, 2)"
v_Diving_g22_c05,2,161,"(256, 340)","(4, 161, 17, 2)"
v_Diving_g22_c06,2,158,"(256, 340)","(5, 158, 17, 2)"
v_Diving_g23_c01,2,132,"(256, 340)","(15, 132, 17, 2)"
v_Diving_g23_c02,2,83,"(256, 340)","(1, 83, 17, 2)"
v_Diving_g23_c03,2,106,"(256, 340)","(2, 106, 17, 2)"
v_Diving_g23_c04,2,199,"(256, 340)","(5, 199, 17, 2)"
v_Diving_g23_c05,2,188,"(256, 340)","(7, 188, 17, 2)"
v_Diving_g23_c06,2,382,"(256, 340)","(2, 382, 17, 2)"
v_Diving_g24_c01,2,75,"(256, 340)","(2, 75, 17, 2)"
v_Diving_g24_c02,2,131,"(256, 340)","(4, 131, 17, 2)"
v_Diving_g24_c03,2,139,"(256, 340)","(3, 139, 17, 2)"
v_Diving_g24_c04,2,161,"(256, 340)","(3, 161, 17, 2)"
v_Diving_g24_c05,2,140,"(256, 340)","(7, 140, 17, 2)"
v_Diving_g24_c06,2,169,"(256, 340)","(4, 169, 17, 2)"
v_Diving_g24_c07,2,142,"(256, 340)","(2, 142, 17, 2)"
v_Diving_g25_c01,2,124,"(256, 340)","(3, 124, 17, 2)"
v_Diving_g25_c02,2,104,"(256, 340)","(4, 104, 17, 2)"
v_Diving_g25_c03,2,145,"(256, 340)","(2, 145, 17, 2)"
v_Diving_g25_c04,2,136,"(256, 340)","(2, 136, 17, 2)"
v_HeadMassage_g08_c01,8,127,"(256, 340)","(4, 127, 17, 2)"
v_HeadMassage_g08_c02,8,200,"(256, 340)","(4, 200, 17, 2)"
v_HeadMassage_g08_c03,8,250,"(256, 340)","(5, 250, 17, 2)"
v_HeadMassage_g08_c04,8,204,"(256, 340)","(3, 204, 17, 2)"
v_HeadMassage_g08_c05,8,277,"(256, 340)","(4, 277, 17, 2)"
v_HeadMassage_g08_c06,8,213,"(256, 340)","(4, 213, 17, 2)"
v_HeadMassage_g08_c07,8,238,"(256, 340)","(4, 238, 17, 2)"
v_HeadMassage_g09_c01,8,103,"(256, 340)","(2, 103, 17, 2)"
v_HeadMassage_g09_c02,8,92,"(256, 340)","(2, 92, 17, 2)"
v_HeadMassage_g09_c03,8,95,"(256, 340)","(2, 95, 17, 2)"
v_HeadMassage_g09_c04,8,116,"(256, 340)","(2, 116, 17, 2)"
v_HeadMassage_g10_c01,8,106,"(256, 340)","(5, 106, 17, 2)"
v_HeadMassage_g10_c02,8,100,"(256, 340)","(6, 100, 17, 2)"
v_HeadMassage_g10_c03,8,98,"(256, 340)","(6, 98, 17, 2)"
v_HeadMassage_g10_c04,8,148,"(256, 340)","(4, 148, 17, 2)"
v_HeadMassage_g11_c01,8,189,"(256, 340)","(6, 189, 17, 2)"
v_HeadMassage_g11_c02,8,188,"(256, 340)","(5, 188, 17, 2)"
v_HeadMassage_g11_c03,8,114,"(256, 340)","(5, 114, 17, 2)"
v_HeadMassage_g11_c04,8,186,"(256, 340)","(5, 186, 17, 2)"
v_HeadMassage_g11_c05,8,174,"(256, 340)","(5, 174, 17, 2)"
v_HeadMassage_g11_c06,8,173,"(256, 340)","(6, 173, 17, 2)"
v_HeadMassage_g11_c07,8,247,"(256, 340)","(6, 247, 17, 2)"
v_HeadMassage_g12_c01,8,126,"(256, 340)","(3, 126, 17, 2)"
v_HeadMassage_g12_c02,8,102,"(256, 340)","(3, 102, 17, 2)"
v_HeadMassage_g12_c03,8,105,"(256, 340)","(4, 105, 17, 2)"
v_HeadMassage_g12_c04,8,164,"(256, 340)","(4, 164, 17, 2)"
v_HeadMassage_g12_c05,8,168,"(256, 340)","(3, 168, 17, 2)"
v_HeadMassage_g12_c06,8,170,"(256, 340)","(4, 170, 17, 2)"
v_HeadMassage_g12_c07,8,216,"(256, 340)","(4, 216, 17, 2)"
v_HeadMassage_g13_c01,8,87,"(256, 340)","(4, 87, 17, 2)"
v_HeadMassage_g13_c02,8,98,"(256, 340)","(5, 98, 17, 2)"
v_HeadMassage_g13_c03,8,104,"(256, 340)","(4, 104, 17, 2)"
v_HeadMassage_g13_c04,8,81,"(256, 340)","(4, 81, 17, 2)"
v_HeadMassage_g14_c01,8,99,"(256, 340)","(4, 99, 17, 2)"
v_HeadMassage_g14_c02,8,100,"(256, 340)","(6, 100, 17, 2)"
v_HeadMassage_g14_c03,8,98,"(256, 340)","(4, 98, 17, 2)"
v_HeadMassage_g14_c04,8,100,"(256, 340)","(4, 100, 17, 2)"
v_HeadMassage_g14_c05,8,98,"(256, 340)","(4, 98, 17, 2)"
v_HeadMassage_g14_c06,8,98,"(256, 340)","(4, 98, 17, 2)"
v_HeadMassage_g14_c07,8,137,"(256, 340)","(6, 137, 17, 2)"
v_HeadMassage_g15_c01,8,248,"(256, 340)","(5, 248, 17, 2)"
v_HeadMassage_g15_c02,8,207,"(256, 340)","(9, 207, 17, 2)"
v_HeadMassage_g15_c03,8,191,"(256, 340)","(7, 191, 17, 2)"
v_HeadMassage_g15_c04,8,129,"(256, 340)","(5, 129, 17, 2)"
v_HeadMassage_g15_c05,8,271,"(256, 340)","(6, 271, 17, 2)"
v_HeadMassage_g15_c06,8,222,"(256, 340)","(4, 222, 17, 2)"
v_HeadMassage_g15_c07,8,132,"(256, 340)","(6, 132, 17, 2)"
v_HeadMassage_g16_c01,8,75,"(256, 340)","(3, 75, 17, 2)"
v_HeadMassage_g16_c02,8,73,"(256, 340)","(3, 73, 17, 2)"
v_HeadMassage_g16_c03,8,74,"(256, 340)","(3, 74, 17, 2)"
v_HeadMassage_g16_c04,8,92,"(256, 340)","(4, 92, 17, 2)"
v_HeadMassage_g17_c01,8,301,"(256, 340)","(5, 301, 17, 2)"
v_HeadMassage_g17_c02,8,249,"(256, 340)","(6, 249, 17, 2)"
v_HeadMassage_g17_c03,8,234,"(256, 340)","(4, 234, 17, 2)"
v_HeadMassage_g17_c04,8,259,"(256, 340)","(4, 259, 17, 2)"
v_HeadMassage_g17_c05,8,257,"(256, 340)","(4, 257, 17, 2)"
v_HeadMassage_g17_c06,8,271,"(256, 340)","(4, 271, 17, 2)"
v_HeadMassage_g17_c07,8,258,"(256, 340)","(5, 258, 17, 2)"
v_HeadMassage_g18_c01,8,242,"(256, 340)","(8, 242, 17, 2)"
v_HeadMassage_g18_c02,8,149,"(256, 340)","(5, 149, 17, 2)"
v_HeadMassage_g18_c03,8,171,"(256, 340)","(5, 171, 17, 2)"
v_HeadMassage_g18_c04,8,259,"(256, 340)","(6, 259, 17, 2)"
v_HeadMassage_g18_c05,8,251,"(256, 340)","(4, 251, 17, 2)"
v_HeadMassage_g18_c06,8,119,"(256, 340)","(6, 119, 17, 2)"
v_HeadMassage_g18_c07,8,285,"(256, 340)","(5, 285, 17, 2)"
v_HeadMassage_g19_c01,8,148,"(256, 340)","(3, 148, 17, 2)"
v_HeadMassage_g19_c02,8,98,"(256, 340)","(3, 98, 17, 2)"
v_HeadMassage_g19_c03,8,154,"(256, 340)","(4, 154, 17, 2)"
v_HeadMassage_g19_c04,8,120,"(256, 340)","(3, 120, 17, 2)"
v_HeadMassage_g19_c05,8,132,"(256, 340)","(4, 132, 17, 2)"
v_HeadMassage_g20_c01,8,148,"(256, 340)","(3, 148, 17, 2)"
v_HeadMassage_g20_c02,8,130,"(256, 340)","(2, 130, 17, 2)"
v_HeadMassage_g20_c03,8,126,"(256, 340)","(3, 126, 17, 2)"
v_HeadMassage_g20_c04,8,128,"(256, 340)","(2, 128, 17, 2)"
v_HeadMassage_g20_c05,8,105,"(256, 340)","(2, 105, 17, 2)"
v_HeadMassage_g21_c01,8,108,"(256, 340)","(6, 108, 17, 2)"
v_HeadMassage_g21_c02,8,114,"(256, 340)","(5, 114, 17, 2)"
v_HeadMassage_g21_c03,8,130,"(256, 340)","(4, 130, 17, 2)"
v_HeadMassage_g21_c04,8,113,"(256, 340)","(4, 113, 17, 2)"
v_HeadMassage_g21_c05,8,134,"(256, 340)","(5, 134, 17, 2)"
v_HeadMassage_g21_c06,8,148,"(256, 340)","(5, 148, 17, 2)"
v_HeadMassage_g22_c01,8,213,"(256, 340)","(6, 213, 17, 2)"
v_HeadMassage_g22_c02,8,134,"(256, 340)","(6, 134, 17, 2)"
v_HeadMassage_g22_c03,8,148,"(256, 340)","(7, 148, 17, 2)"
v_HeadMassage_g22_c04,8,156,"(256, 340)","(7, 156, 17, 2)"
v_HeadMassage_g22_c05,8,182,"(256, 340)","(7, 182, 17, 2)"
v_HeadMassage_g22_c06,8,172,"(256, 340)","(7, 172, 17, 2)"
v_HeadMassage_g22_c07,8,189,"(256, 340)","(7, 189, 17, 2)"
v_HeadMassage_g23_c01,8,370,"(256, 340)","(3, 370, 17, 2)"
v_HeadMassage_g23_c02,8,230,"(256, 340)","(3, 230, 17, 2)"
v_HeadMassage_g23_c03,8,181,"(256, 340)","(3, 181, 17, 2)"
v_HeadMassage_g23_c04,8,148,"(256, 340)","(3, 148, 17, 2)"
v_HeadMassage_g23_c05,8,273,"(256, 340)","(3, 273, 17, 2)"
v_HeadMassage_g23_c06,8,222,"(256, 340)","(2, 222, 17, 2)"
v_HeadMassage_g23_c07,8,254,"(256, 340)","(3, 254, 17, 2)"
v_HeadMassage_g24_c01,8,105,"(256, 340)","(3, 105, 17, 2)"
v_HeadMassage_g24_c02,8,117,"(256, 340)","(4, 117, 17, 2)"
v_HeadMassage_g24_c03,8,118,"(256, 340)","(5, 118, 17, 2)"
v_HeadMassage_g24_c04,8,133,"(256, 340)","(4, 133, 17, 2)"
v_HeadMassage_g25_c01,8,123,"(256, 340)","(4, 123, 17, 2)"
v_HeadMassage_g25_c02,8,99,"(256, 340)","(2, 99, 17, 2)"
v_HeadMassage_g25_c03,8,135,"(256, 340)","(2, 135, 17, 2)"
v_HeadMassage_g25_c04,8,159,"(256, 340)","(2, 159, 17, 2)"
v_HeadMassage_g25_c05,8,157,"(256, 340)","(2, 157, 17, 2)"
v_HeadMassage_g25_c06,8,155,"(256, 340)","(2, 155, 17, 2)"
v_HeadMassage_g25_c07,8,88,"(256, 340)","(3, 88, 17, 2)"
v_Nunchucks_g08_c01,7,254,"(256, 340)","(2, 254, 17, 2)"
v_Nunchucks_g08_c02,7,246,"(256, 340)","(2, 246, 17, 2)"
v_Nunchucks_g08_c03,7,249,"(256, 340)","(3, 249, 17, 2)"
v_Nunchucks_g08_c04,7,252,"(256, 340)","(3, 252, 17, 2)"
v_Nunchucks_g08_c05,7,249,"(256, 340)","(3, 249, 17, 2)"
v_Nunchucks_g08_c06,7,257,"(256, 340)","(2, 257, 17, 2)"
v_Nunchucks_g08_c07,7,246,"(256, 340)","(3, 246, 17, 2)"
v_Nunchucks_g09_c01,7,285,"(256, 340)","(1, 285, 17, 2)"
v_Nunchucks_g09_c02,7,275,"(256, 340)","(1, 275, 17, 2)"
v_Nunchucks_g09_c03,7,145,"(256, 340)","(1, 145, 17, 2)"
v_Nunchucks_g09_c04,7,156,"(256, 340)","(1, 156, 17, 2)"
v_Nunchucks_g09_c05,7,137,"(256, 340)","(2, 137, 17, 2)"
v_Nunchucks_g10_c01,7,175,"(256, 340)","(3, 175, 17, 2)"
v_Nunchucks_g10_c02,7,161,"(256, 340)","(3, 161, 17, 2)"
v_Nunchucks_g10_c03,7,171,"(256, 340)","(2, 171, 17, 2)"
v_Nunchucks_g10_c04,7,172,"(256, 340)","(2, 172, 17, 2)"
v_Nunchucks_g10_c05,7,161,"(256, 340)","(2, 161, 17, 2)"
v_Nunchucks_g10_c06,7,165,"(256, 340)","(2, 165, 17, 2)"
v_Nunchucks_g11_c01,7,204,"(256, 340)","(15, 204, 17, 2)"
v_Nunchucks_g11_c02,7,194,"(256, 340)","(16, 194, 17, 2)"
v_Nunchucks_g11_c03,7,155,"(256, 340)","(14, 155, 17, 2)"
v_Nunchucks_g11_c04,7,210,"(256, 340)","(17, 210, 17, 2)"
v_Nunchucks_g11_c05,7,152,"(256, 340)","(15, 152, 17, 2)"
v_Nunchucks_g11_c06,7,290,"(256, 340)","(15, 290, 17, 2)"
v_Nunchucks_g12_c01,7,175,"(256, 340)","(3, 175, 17, 2)"
v_Nunchucks_g12_c02,7,169,"(256, 340)","(3, 169, 17, 2)"
v_Nunchucks_g12_c03,7,176,"(256, 340)","(3, 176, 17, 2)"
v_Nunchucks_g12_c04,7,162,"(256, 340)","(2, 162, 17, 2)"
v_Nunchucks_g12_c05,7,151,"(256, 340)","(2, 151, 17, 2)"
v_Nunchucks_g13_c01,7,285,"(256, 340)","(1, 285, 17, 2)"
v_Nunchucks_g13_c02,7,305,"(256, 340)","(2, 305, 17, 2)"
v_Nunchucks_g13_c03,7,320,"(256, 340)","(2, 320, 17, 2)"
v_Nunchucks_g13_c04,7,322,"(256, 340)","(1, 322, 17, 2)"
v_Nunchucks_g13_c05,7,295,"(256, 340)","(1, 295, 17, 2)"
v_Nunchucks_g13_c06,7,277,"(256, 340)","(2, 277, 17, 2)"
v_Nunchucks_g13_c07,7,307,"(256, 340)","(2, 307, 17, 2)"
v_Nunchucks_g14_c01,7,301,"(256, 340)","(2, 301, 17, 2)"
v_Nunchucks_g14_c02,7,239,"(256, 340)","(2, 239, 17, 2)"
v_Nunchucks_g14_c03,7,307,"(256, 340)","(3, 307, 17, 2)"
v_Nunchucks_g14_c04,7,328,"(256, 340)","(2, 328, 17, 2)"
v_Nunchucks_g15_c01,7,248,"(256, 340)","(1, 248, 17, 2)"
v_Nunchucks_g15_c02,7,257,"(256, 340)","(1, 257, 17, 2)"
v_Nunchucks_g15_c03,7,301,"(256, 340)","(1, 301, 17, 2)"
v_Nunchucks_g15_c04,7,283,"(256, 340)","(1, 283, 17, 2)"
v_Nunchucks_g15_c05,7,276,"(256, 340)","(1, 276, 17, 2)"
v_Nunchucks_g15_c06,7,319,"(256, 340)","(1, 319, 17, 2)"
v_Nunchucks_g16_c01,7,175,"(256, 340)","(2, 175, 17, 2)"
v_Nunchucks_g16_c02,7,166,"(256, 340)","(2, 166, 17, 2)"
v_Nunchucks_g16_c03,7,166,"(256, 340)","(2, 166, 17, 2)"
v_Nunchucks_g16_c04,7,183,"(256, 340)","(2, 183, 17, 2)"
v_Nunchucks_g17_c01,7,239,"(256, 340)","(2, 239, 17, 2)"
v_Nunchucks_g17_c02,7,260,"(256, 340)","(2, 260, 17, 2)"
v_Nunchucks_g17_c03,7,252,"(256, 340)","(3, 252, 17, 2)"
v_Nunchucks_g17_c04,7,260,"(256, 340)","(3, 260, 17, 2)"
v_Nunchucks_g17_c05,7,302,"(256, 340)","(2, 302, 17, 2)"
v_Nunchucks_g17_c06,7,274,"(256, 340)","(2, 274, 17, 2)"
v_Nunchucks_g17_c07,7,301,"(256, 340)","(2, 301, 17, 2)"
v_Nunchucks_g18_c01,7,279,"(256, 340)","(2, 279, 17, 2)"
v_Nunchucks_g18_c02,7,271,"(256, 340)","(2, 271, 17, 2)"
v_Nunchucks_g18_c03,7,238,"(256, 340)","(2, 238, 17, 2)"
v_Nunchucks_g18_c04,7,254,"(256, 340)","(2, 254, 17, 2)"
v_Nunchucks_g18_c05,7,229,"(256, 340)","(2, 229, 17, 2)"
v_Nunchucks_g18_c06,7,254,"(256, 340)","(2, 254, 17, 2)"
v_Nunchucks_g19_c01,7,196,"(256, 340)","(4, 196, 17, 2)"
v_Nunchucks_g19_c02,7,200,"(256, 340)","(5, 200, 17, 2)"
v_Nunchucks_g19_c03,7,294,"(256, 340)","(7, 294, 17, 2)"
v_Nunchucks_g19_c04,7,297,"(256, 340)","(8, 297, 17, 2)"
v_Nunchucks_g20_c01,7,170,"(256, 340)","(2, 170, 17, 2)"
v_Nunchucks_g20_c02,7,177,"(256, 340)","(2, 177, 17, 2)"
v_Nunchucks_g20_c03,7,271,"(256, 340)","(2, 271, 17, 2)"
v_Nunchucks_g20_c04,7,285,"(256, 340)","(2, 285, 17, 2)"
v_Nunchucks_g21_c01,7,168,"(256, 340)","(2, 168, 17, 2)"
v_Nunchucks_g21_c02,7,167,"(256, 340)","(2, 167, 17, 2)"
v_Nunchucks_g21_c03,7,173,"(256, 340)","(2, 173, 17, 2)"
v_Nunchucks_g21_c04,7,186,"(256, 340)","(1, 186, 17, 2)"
v_Nunchucks_g21_c05,7,198,"(256, 340)","(2, 198, 17, 2)"
v_Nunchucks_g21_c06,7,183,"(256, 340)","(2, 183, 17, 2)"
v_Nunchucks_g22_c01,7,144,"(256, 340)","(3, 144, 17, 2)"
v_Nunchucks_g22_c02,7,144,"(256, 340)","(2, 144, 17, 2)"
v_Nunchucks_g22_c03,7,170,"(256, 340)","(1, 170, 17, 2)"
v_Nunchucks_g22_c04,7,156,"(256, 340)","(1, 156, 17, 2)"
v_Nunchucks_g23_c01,7,207,"(256, 340)","(2, 207, 17, 2)"
v_Nunchucks_g23_c02,7,254,"(256, 340)","(2, 254, 17, 2)"
v_Nunchucks_g23_c03,7,240,"(256, 340)","(3, 240, 17, 2)"
v_Nunchucks_g23_c04,7,244,"(256, 340)","(2, 244, 17, 2)"
v_Nunchucks_g23_c05,7,241,"(256, 340)","(3, 241, 17, 2)"
v_Nunchucks_g24_c01,7,209,"(256, 340)","(2, 209, 17, 2)"
v_Nunchucks_g24_c02,7,205,"(256, 340)","(2, 205, 17, 2)"
v_Nunchucks_g24_c03,7,199,"(256, 340)","(2, 199, 17, 2)"
v_Nunchucks_g24_c04,7,209,"(256, 340)","(1, 209, 17, 2)"
v_Nunchucks_g24_c05,7,212,"(256, 340)","(2, 212, 17, 2)"
v_Nunchucks_g25_c01,7,189,"(256, 340)","(3, 189, 17, 2)"
v_Nunchucks_g25_c02,7,185,"(256, 340)","(2, 185, 17, 2)"
v_Nunchucks_g25_c03,7,197,"(256, 340)","(2, 197, 17, 2)"
v_Nunchucks_g25_c04,7,191,"(256, 340)","(2, 191, 17, 2)"
v_Nunchucks_g25_c05,7,210,"(256, 340)","(3, 210, 17, 2)"
v_Nunchucks_g25_c06,7,185,"(256, 340)","(2, 185, 17, 2)"
v_PlayingDaf_g08_c01,3,267,"(256, 340)","(5, 267, 17, 2)"
v_PlayingDaf_g08_c02,3,298,"(256, 340)","(4, 298, 17, 2)"
v_PlayingDaf_g08_c03,3,303,"(256, 340)","(4, 303, 17, 2)"
v_PlayingDaf_g08_c04,3,321,"(256, 340)","(4, 321, 17, 2)"
v_PlayingDaf_g08_c05,3,357,"(256, 340)","(4, 357, 17, 2)"
v_PlayingDaf_g08_c06,3,353,"(256, 340)","(4, 353, 17, 2)"
v_PlayingDaf_g08_c07,3,335,"(256, 340)","(3, 335, 17, 2)"
v_PlayingDaf_g09_c01,3,366,"(256, 340)","(2, 366, 17, 2)"
v_PlayingDaf_g09_c02,3,311,"(256, 340)","(2, 311, 17, 2)"
v_PlayingDaf_g09_c03,3,366,"(256, 340)","(3, 366, 17, 2)"
v_PlayingDaf_g09_c04,3,337,"(256, 340)","(2, 337, 17, 2)"
v_PlayingDaf_g09_c05,3,343,"(256, 340)","(2, 343, 17, 2)"
v_PlayingDaf_g10_c01,3,256,"(256, 340)","(2, 256, 17, 2)"
v_PlayingDaf_g10_c02,3,251,"(256, 340)","(3, 251, 17, 2)"
v_PlayingDaf_g10_c03,3,289,"(256, 340)","(3, 289, 17, 2)"
v_PlayingDaf_g10_c04,3,256,"(256, 340)","(2, 256, 17, 2)"
v_PlayingDaf_g10_c05,3,260,"(256, 340)","(2, 260, 17, 2)"
v_PlayingDaf_g10_c06,3,227,"(256, 340)","(2, 227, 17, 2)"
v_PlayingDaf_g10_c07,3,198,"(256, 340)","(2, 198, 17, 2)"
v_PlayingDaf_g11_c01,3,271,"(256, 340)","(2, 271, 17, 2)"
v_PlayingDaf_g11_c02,3,254,"(256, 340)","(2, 254, 17, 2)"
v_PlayingDaf_g11_c03,3,270,"(256, 340)","(2, 270, 17, 2)"
v_PlayingDaf_g11_c04,3,257,"(256, 340)","(2, 257, 17, 2)"
v_PlayingDaf_g11_c05,3,231,"(256, 340)","(2, 231, 17, 2)"
v_PlayingDaf_g11_c06,3,291,"(256, 340)","(2, 291, 17, 2)"
v_PlayingDaf_g12_c01,3,260,"(256, 340)","(3, 260, 17, 2)"
v_PlayingDaf_g12_c02,3,283,"(256, 340)","(3, 283, 17, 2)"
v_PlayingDaf_g12_c03,3,284,"(256, 340)","(3, 284, 17, 2)"
v_PlayingDaf_g12_c04,3,272,"(256, 340)","(2, 272, 17, 2)"
v_PlayingDaf_g12_c05,3,284,"(256, 340)","(4, 284, 17, 2)"
v_PlayingDaf_g13_c01,3,256,"(256, 340)","(2, 256, 17, 2)"
v_PlayingDaf_g13_c02,3,212,"(256, 340)","(2, 212, 17, 2)"
v_PlayingDaf_g13_c03,3,264,"(256, 340)","(3, 264, 17, 2)"
v_PlayingDaf_g13_c04,3,157,"(256, 340)","(2, 157, 17, 2)"
v_PlayingDaf_g14_c01,3,218,"(256, 340)","(3, 218, 17, 2)"
v_PlayingDaf_g14_c02,3,243,"(256, 340)","(3, 243, 17, 2)"
v_PlayingDaf_g14_c03,3,255,"(256, 340)","(3, 255, 17, 2)"
v_PlayingDaf_g14_c04,3,296,"(256, 340)","(3, 296, 17, 2)"
v_PlayingDaf_g14_c05,3,299,"(256, 340)","(3, 299, 17, 2)"
v_PlayingDaf_g14_c06,3,292,"(256, 340)","(3, 292, 17, 2)"
v_PlayingDaf_g14_c07,3,309,"(256, 340)","(3, 309, 17, 2)"
v_PlayingDaf_g15_c01,3,291,"(256, 340)","(2, 291, 17, 2)"
v_PlayingDaf_g15_c02,3,341,"(256, 340)","(2, 341, 17, 2)"
v_PlayingDaf_g15_c03,3,364,"(256, 340)","(2, 364, 17, 2)"
v_PlayingDaf_g15_c04,3,336,"(256, 340)","(2, 336, 17, 2)"
v_PlayingDaf_g15_c05,3,384,"(256, 340)","(2, 384, 17, 2)"
v_PlayingDaf_g15_c06,3,405,"(256, 340)","(2, 405, 17, 2)"
v_PlayingDaf_g15_c07,3,435,"(256, 340)","(2, 435, 17, 2)"
v_PlayingDaf_g16_c01,3,264,"(256, 340)","(2, 264, 17, 2)"
v_PlayingDaf_g16_c02,3,260,"(256, 340)","(3, 260, 17, 2)"
v_PlayingDaf_g16_c03,3,282,"(256, 340)","(3, 282, 17, 2)"
v_PlayingDaf_g16_c04,3,300,"(256, 340)","(2, 300, 17, 2)"
v_PlayingDaf_g16_c05,3,229,"(256, 340)","(2, 229, 17, 2)"
v_PlayingDaf_g16_c06,3,145,"(256, 340)","(2, 145, 17, 2)"
v_PlayingDaf_g17_c01,3,261,"(256, 340)","(2, 261, 17, 2)"
v_PlayingDaf_g17_c02,3,252,"(256, 340)","(4, 252, 17, 2)"
v_PlayingDaf_g17_c03,3,274,"(256, 340)","(3, 274, 17, 2)"
v_PlayingDaf_g17_c04,3,170,"(256, 340)","(3, 170, 17, 2)"
v_PlayingDaf_g18_c01,3,238,"(256, 340)","(2, 238, 17, 2)"
v_PlayingDaf_g18_c02,3,250,"(256, 340)","(3, 250, 17, 2)"
v_PlayingDaf_g18_c03,3,276,"(256, 340)","(3, 276, 17, 2)"
v_PlayingDaf_g18_c04,3,209,"(256, 340)","(3, 209, 17, 2)"
v_PlayingDaf_g18_c05,3,232,"(256, 340)","(3, 232, 17, 2)"
v_PlayingDaf_g18_c06,3,242,"(256, 340)","(3, 242, 17, 2)"
v_PlayingDaf_g18_c07,3,245,"(256, 340)","(3, 245, 17, 2)"
v_PlayingDaf_g19_c01,3,307,"(256, 340)","(3, 307, 17, 2)"
v_PlayingDaf_g19_c02,3,361,"(256, 340)","(3, 361, 17, 2)"
v_PlayingDaf_g19_c03,3,365,"(256, 340)","(2, 365, 17, 2)"
v_PlayingDaf_g19_c04,3,349,"(256, 340)","(2, 349, 17, 2)"
v_PlayingDaf_g19_c05,3,348,"(256, 340)","(3, 348, 17, 2)"
v_PlayingDaf_g19_c06,3,372,"(256, 340)","(3, 372, 17, 2)"
v_PlayingDaf_g19_c07,3,387,"(256, 340)","(3, 387, 17, 2)"
v_PlayingDaf_g20_c01,3,372,"(256, 340)","(2, 372, 17, 2)"
v_PlayingDaf_g20_c02,3,378,"(256, 340)","(2, 378, 17, 2)"
v_PlayingDaf_g20_c03,3,361,"(256, 340)","(2, 361, 17, 2)"
v_PlayingDaf_g20_c04,3,381,"(256, 340)","(2, 381, 17, 2)"
v_PlayingDaf_g20_c05,3,403,"(256, 340)","(3, 403, 17, 2)"
v_PlayingDaf_g20_c06,3,350,"(256, 340)","(2, 350, 17, 2)"
v_PlayingDaf_g20_c07,3,395,"(256, 340)","(2, 395, 17, 2)"
v_PlayingDaf_g21_c01,3,249,"(256, 340)","(3, 249, 17, 2)"
v_PlayingDaf_g21_c02,3,239,"(256, 340)","(2, 239, 17, 2)"
v_PlayingDaf_g21_c03,3,262,"(256, 340)","(2, 262, 17, 2)"
v_PlayingDaf_g21_c04,3,275,"(256, 340)","(2, 275, 17, 2)"
v_PlayingDaf_g21_c05,3,267,"(256, 340)","(2, 267, 17, 2)"
v_PlayingDaf_g21_c06,3,267,"(256, 340)","(2, 267, 17, 2)"
v_PlayingDaf_g21_c07,3,148,"(256, 340)","(3, 148, 17, 2)"
v_PlayingDaf_g22_c01,3,294,"(256, 340)","(2, 294, 17, 2)"
v_PlayingDaf_g22_c02,3,358,"(256, 340)","(2, 358, 17, 2)"
v_PlayingDaf_g22_c03,3,380,"(256, 340)","(2, 380, 17, 2)"
v_PlayingDaf_g22_c04,3,383,"(256, 340)","(2, 383, 17, 2)"
v_PlayingDaf_g22_c05,3,390,"(256, 340)","(2, 390, 17, 2)"
v_PlayingDaf_g22_c06,3,370,"(256, 340)","(2, 370, 17, 2)"
v_PlayingDaf_g22_c07,3,390,"(256, 340)","(2, 390, 17, 2)"
v_PlayingDaf_g23_c01,3,234,"(256, 340)","(2, 234, 17, 2)"
v_PlayingDaf_g23_c02,3,244,"(256, 340)","(3, 244, 17, 2)"
v_PlayingDaf_g23_c03,3,282,"(256, 340)","(2, 282, 17, 2)"
v_PlayingDaf_g23_c04,3,264,"(256, 340)","(3, 264, 17, 2)"
v_PlayingDaf_g23_c05,3,200,"(256, 340)","(2, 200, 17, 2)"
v_PlayingDaf_g23_c06,3,232,"(256, 340)","(3, 232, 17, 2)"
v_PlayingDaf_g24_c01,3,279,"(256, 340)","(2, 279, 17, 2)"
v_PlayingDaf_g24_c02,3,299,"(256, 340)","(3, 299, 17, 2)"
v_PlayingDaf_g24_c03,3,329,"(256, 340)","(2, 329, 17, 2)"
v_PlayingDaf_g24_c04,3,238,"(256, 340)","(2, 238, 17, 2)"
v_PlayingDaf_g25_c01,3,255,"(256, 340)","(2, 255, 17, 2)"
v_PlayingDaf_g25_c02,3,252,"(256, 340)","(3, 252, 17, 2)"
v_PlayingDaf_g25_c03,3,269,"(256, 340)","(2, 269, 17, 2)"
v_PlayingDaf_g25_c04,3,283,"(256, 340)","(3, 283, 17, 2)"
v_PlayingDaf_g25_c05,3,257,"(256, 340)","(2, 257, 17, 2)"
v_PlayingDaf_g25_c06,3,251,"(256, 340)","(2, 251, 17, 2)"
v_PlayingDaf_g25_c07,3,261,"(256, 340)","(2, 261, 17, 2)"
v_Swing_g08_c01,5,159,"(256, 340)","(5, 159, 17, 2)"
v_Swing_g08_c02,5,159,"(256, 340)","(5, 159, 17, 2)"
v_Swing_g08_c03,5,159,"(256, 340)","(4, 159, 17, 2)"
v_Swing_g08_c04,5,159,"(256, 340)","(7, 159, 17, 2)"
v_Swing_g08_c05,5,168,"(256, 340)","(4, 168, 17, 2)"
v_Swing_g09_c01,5,125,"(256, 340)","(4, 125, 17, 2)"
v_Swing_g09_c02,5,125,"(256, 340)","(4, 125, 17, 2)"
v_Swing_g09_c03,5,125,"(256, 340)","(5, 125, 17, 2)"
v_Swing_g09_c04,5,125,"(256, 340)","(4, 125, 17, 2)"
v_Swing_g09_c05,5,150,"(256, 340)","(4, 150, 17, 2)"
v_Swing_g09_c06,5,139,"(256, 340)","(4, 139, 17, 2)"
v_Swing_g10_c01,5,244,"(256, 340)","(1, 244, 17, 2)"
v_Swing_g10_c02,5,250,"(256, 340)","(1, 250, 17, 2)"
v_Swing_g10_c03,5,250,"(256, 340)","(1, 250, 17, 2)"
v_Swing_g10_c04,5,230,"(256, 340)","(5, 230, 17, 2)"
v_Swing_g11_c01,5,125,"(256, 340)","(4, 125, 17, 2)"
v_Swing_g11_c02,5,125,"(256, 340)","(4, 125, 17, 2)"
v_Swing_g11_c03,5,125,"(256, 340)","(4, 125, 17, 2)"
v_Swing_g11_c04,5,125,"(256, 340)","(4, 125, 17, 2)"
v_Swing_g11_c05,5,150,"(256, 340)","(5, 150, 17, 2)"
v_Swing_g11_c06,5,249,"(256, 340)","(5, 249, 17, 2)"
v_Swing_g12_c01,5,125,"(256, 340)","(2, 125, 17, 2)"
v_Swing_g12_c02,5,125,"(256, 340)","(3, 125, 17, 2)"
v_Swing_g12_c03,5,125,"(256, 340)","(2, 125, 17, 2)"
v_Swing_g12_c04,5,125,"(256, 340)","(3, 125, 17, 2)"
v_Swing_g13_c01,5,159,"(256, 340)","(4, 159, 17, 2)"
v_Swing_g13_c02,5,159,"(256, 340)","(4, 159, 17, 2)"
v_Swing_g13_c03,5,159,"(256, 340)","(3, 159, 17, 2)"
v_Swing_g13_c04,5,159,"(256, 340)","(3, 159, 17, 2)"
v_Swing_g14_c01,5,111,"(256, 340)","(2, 111, 17, 2)"
v_Swing_g14_c02,5,150,"(256, 340)","(3, 150, 17, 2)"
v_Swing_g14_c03,5,149,"(256, 340)","(3, 149, 17, 2)"
v_Swing_g14_c04,5,150,"(256, 340)","(3, 150, 17, 2)"
v_Swing_g14_c05,5,149,"(256, 340)","(4, 149, 17, 2)"
v_Swing_g15_c01,5,87,"(256, 340)","(4, 87, 17, 2)"
v_Swing_g15_c02,5,87,"(256, 340)","(5, 87, 17, 2)"
v_Swing_g15_c03,5,87,"(256, 340)","(5, 87, 17, 2)"
v_Swing_g15_c04,5,87,"(256, 340)","(4, 87, 17, 2)"
v_Swing_g15_c05,5,200,"(256, 340)","(4, 200, 17, 2)"
v_Swing_g15_c06,5,199,"(256, 340)","(4, 199, 17, 2)"
v_Swing_g15_c07,5,200,"(256, 340)","(4, 200, 17, 2)"
v_Swing_g16_c01,5,125,"(256, 340)","(4, 125, 17, 2)"
v_Swing_g16_c02,5,122,"(256, 340)","(4, 122, 17, 2)"
v_Swing_g16_c03,5,108,"(256, 340)","(4, 108, 17, 2)"
v_Swing_g16_c04,5,107,"(256, 340)","(3, 107, 17, 2)"
v_Swing_g16_c05,5,150,"(256, 340)","(4, 150, 17, 2)"
v_Swing_g17_c01,5,159,"(256, 340)","(3, 159, 17, 2)"
v_Swing_g17_c02,5,167,"(256, 340)","(3, 167, 17, 2)"
v_Swing_g17_c03,5,159,"(256, 340)","(3, 159, 17, 2)"
v_Swing_g17_c04,5,159,"(256, 340)","(2, 159, 17, 2)"
v_Swing_g18_c01,5,334,"(256, 340)","(4, 334, 17, 2)"
v_Swing_g18_c02,5,334,"(256, 340)","(4, 334, 17, 2)"
v_Swing_g18_c03,5,334,"(256, 340)","(4, 334, 17, 2)"
v_Swing_g18_c04,5,247,"(256, 340)","(4, 247, 17, 2)"
v_Swing_g19_c01,5,275,"(256, 340)","(3, 275, 17, 2)"
v_Swing_g19_c02,5,275,"(256, 340)","(3, 275, 17, 2)"
v_Swing_g19_c03,5,275,"(256, 340)","(3, 275, 17, 2)"
v_Swing_g19_c04,5,159,"(256, 340)","(3, 159, 17, 2)"
v_Swing_g20_c01,5,88,"(256, 340)","(2, 88, 17, 2)"
v_Swing_g20_c02,5,142,"(256, 340)","(2, 142, 17, 2)"
v_Swing_g20_c03,5,87,"(256, 340)","(3, 87, 17, 2)"
v_Swing_g20_c04,5,87,"(256, 340)","(4, 87, 17, 2)"
v_Swing_g20_c05,5,95,"(256, 340)","(3, 95, 17, 2)"
v_Swing_g20_c06,5,144,"(256, 340)","(1, 144, 17, 2)"
v_Swing_g21_c01,5,167,"(256, 340)","(4, 167, 17, 2)"
v_Swing_g21_c02,5,167,"(256, 340)","(3, 167, 17, 2)"
v_Swing_g21_c03,5,167,"(256, 340)","(3, 167, 17, 2)"
v_Swing_g21_c04,5,150,"(256, 340)","(6, 150, 17, 2)"
v_Swing_g21_c05,5,198,"(256, 340)","(3, 198, 17, 2)"
v_Swing_g21_c06,5,200,"(256, 340)","(3, 200, 17, 2)"
v_Swing_g22_c01,5,150,"(256, 340)","(2, 150, 17, 2)"
v_Swing_g22_c02,5,200,"(256, 340)","(3, 200, 17, 2)"
v_Swing_g22_c03,5,190,"(256, 340)","(2, 190, 17, 2)"
v_Swing_g22_c04,5,100,"(256, 340)","(2, 100, 17, 2)"
v_Swing_g22_c05,5,156,"(256, 340)","(2, 156, 17, 2)"
v_Swing_g23_c01,5,125,"(256, 340)","(3, 125, 17, 2)"
v_Swing_g23_c02,5,125,"(256, 340)","(3, 125, 17, 2)"
v_Swing_g23_c03,5,125,"(256, 340)","(4, 125, 17, 2)"
v_Swing_g23_c04,5,125,"(256, 340)","(3, 125, 17, 2)"
v_Swing_g23_c05,5,150,"(256, 340)","(3, 150, 17, 2)"
v_Swing_g24_c01,5,125,"(256, 340)","(5, 125, 17, 2)"
v_Swing_g24_c02,5,150,"(256, 340)","(3, 150, 17, 2)"
v_Swing_g24_c03,5,125,"(256, 340)","(4, 125, 17, 2)"
v_Swing_g24_c04,5,125,"(256, 340)","(2, 125, 17, 2)"
v_Swing_g24_c05,5,150,"(256, 340)","(5, 150, 17, 2)"
v_Swing_g25_c01,5,309,"(256, 340)","(5, 309, 17, 2)"
v_Swing_g25_c02,5,317,"(256, 340)","(5, 317, 17, 2)"
v_Swing_g25_c03,5,316,"(256, 340)","(4, 316, 17, 2)"
v_Swing_g25_c04,5,316,"(256, 340)","(7, 316, 17, 2)"
v_TableTennisShot_g08_c01,4,85,"(256, 340)","(1, 85, 17, 2)"
v_TableTennisShot_g08_c02,4,50,"(256, 340)","(1, 50, 17, 2)"
v_TableTennisShot_g08_c03,4,64,"(256, 340)","(1, 64, 17, 2)"
v_TableTennisShot_g08_c04,4,63,"(256, 340)","(1, 63, 17, 2)"
v_TableTennisShot_g09_c01,4,99,"(256, 340)","(2, 99, 17, 2)"
v_TableTennisShot_g09_c02,4,75,"(256, 340)","(2, 75, 17, 2)"
v_TableTennisShot_g09_c03,4,76,"(256, 340)","(2, 76, 17, 2)"
v_TableTennisShot_g09_c04,4,149,"(256, 340)","(2, 149, 17, 2)"
v_TableTennisShot_g09_c05,4,163,"(256, 340)","(2, 163, 17, 2)"
v_TableTennisShot_g09_c06,4,117,"(256, 340)","(1, 117, 17, 2)"
v_TableTennisShot_g09_c07,4,75,"(256, 340)","(2, 75, 17, 2)"
v_TableTennisShot_g10_c01,4,176,"(256, 340)","(2, 176, 17, 2)"
v_TableTennisShot_g10_c02,4,206,"(256, 340)","(3, 206, 17, 2)"
v_TableTennisShot_g10_c03,4,142,"(256, 340)","(3, 142, 17, 2)"
v_TableTennisShot_g10_c04,4,132,"(256, 340)","(3, 132, 17, 2)"
v_TableTennisShot_g11_c01,4,96,"(256, 340)","(1, 96, 17, 2)"
v_TableTennisShot_g11_c02,4,98,"(256, 340)","(1, 98, 17, 2)"
v_TableTennisShot_g11_c03,4,134,"(256, 340)","(2, 134, 17, 2)"
v_TableTennisShot_g11_c04,4,170,"(256, 340)","(2, 170, 17, 2)"
v_TableTennisShot_g11_c05,4,152,"(256, 340)","(2, 152, 17, 2)"
v_TableTennisShot_g12_c01,4,143,"(256, 340)","(2, 143, 17, 2)"
v_TableTennisShot_g12_c02,4,86,"(256, 340)","(2, 86, 17, 2)"
v_TableTennisShot_g12_c03,4,101,"(256, 340)","(1, 101, 17, 2)"
v_TableTennisShot_g12_c04,4,127,"(256, 340)","(3, 127, 17, 2)"
v_TableTennisShot_g13_c01,4,149,"(256, 340)","(2, 149, 17, 2)"
v_TableTennisShot_g13_c02,4,133,"(256, 340)","(3, 133, 17, 2)"
v_TableTennisShot_g13_c03,4,124,"(256, 340)","(5, 124, 17, 2)"
v_TableTennisShot_g13_c04,4,130,"(256, 340)","(4, 130, 17, 2)"
v_TableTennisShot_g14_c01,4,236,"(256, 340)","(2, 236, 17, 2)"
v_TableTennisShot_g14_c02,4,219,"(256, 340)","(2, 219, 17, 2)"
v_TableTennisShot_g14_c03,4,185,"(256, 340)","(2, 185, 17, 2)"
v_TableTennisShot_g14_c04,4,249,"(256, 340)","(2, 249, 17, 2)"
v_TableTennisShot_g14_c05,4,159,"(256, 340)","(2, 159, 17, 2)"
v_TableTennisShot_g15_c01,4,94,"(256, 340)","(4, 94, 17, 2)"
v_TableTennisShot_g15_c02,4,176,"(256, 340)","(4, 176, 17, 2)"
v_TableTennisShot_g15_c03,4,104,"(256, 340)","(4, 104, 17, 2)"
v_TableTennisShot_g15_c04,4,74,"(256, 340)","(4, 74, 17, 2)"
v_TableTennisShot_g15_c05,4,104,"(256, 340)","(4, 104, 17, 2)"
v_TableTennisShot_g15_c06,4,85,"(256, 340)","(4, 85, 17, 2)"
v_TableTennisShot_g15_c07,4,176,"(256, 340)","(4, 176, 17, 2)"
v_TableTennisShot_g16_c01,4,206,"(256, 340)","(2, 206, 17, 2)"
v_TableTennisShot_g16_c02,4,268,"(256, 340)","(2, 268, 17, 2)"
v_TableTennisShot_g16_c03,4,253,"(256, 340)","(2, 253, 17, 2)"
v_TableTennisShot_g16_c04,4,258,"(256, 340)","(2, 258, 17, 2)"
v_TableTennisShot_g16_c05,4,259,"(256, 340)","(2, 259, 17, 2)"
v_TableTennisShot_g16_c06,4,233,"(256, 340)","(2, 233, 17, 2)"
v_TableTennisShot_g16_c07,4,69,"(256, 340)","(2, 69, 17, 2)"
v_TableTennisShot_g17_c01,4,126,"(256, 340)","(1, 126, 17, 2)"
v_TableTennisShot_g17_c02,4,74,"(256, 340)","(1, 74, 17, 2)"
v_TableTennisShot_g17_c03,4,82,"(256, 340)","(1, 82, 17, 2)"
v_TableTennisShot_g17_c04,4,105,"(256, 340)","(1, 105, 17, 2)"
v_TableTennisShot_g18_c01,4,200,"(256, 340)","(2, 200, 17, 2)"
v_TableTennisShot_g18_c02,4,144,"(256, 340)","(2, 144, 17, 2)"
v_TableTennisShot_g18_c03,4,170,"(256, 340)","(2, 170, 17, 2)"
v_TableTennisShot_g18_c04,4,169,"(256, 340)","(2, 169, 17, 2)"
v_TableTennisShot_g19_c01,4,224,"(256, 340)","(2, 224, 17, 2)"
v_TableTennisShot_g19_c02,4,253,"(256, 340)","(3, 253, 17, 2)"
v_TableTennisShot_g19_c03,4,215,"(256, 340)","(2, 215, 17, 2)"
v_TableTennisShot_g19_c04,4,214,"(256, 340)","(2, 214, 17, 2)"
v_TableTennisShot_g19_c05,4,230,"(256, 340)","(2, 230, 17, 2)"
v_TableTennisShot_g19_c06,4,258,"(256, 340)","(2, 258, 17, 2)"
v_TableTennisShot_g19_c07,4,290,"(256, 340)","(2, 290, 17, 2)"
v_TableTennisShot_g20_c01,4,96,"(256, 340)","(1, 96, 17, 2)"
v_TableTennisShot_g20_c02,4,150,"(256, 340)","(1, 150, 17, 2)"
v_TableTennisShot_g20_c03,4,140,"(256, 340)","(1, 140, 17, 2)"
v_TableTennisShot_g20_c04,4,149,"(256, 340)","(1, 149, 17, 2)"
v_TableTennisShot_g20_c05,4,116,"(256, 340)","(1, 116, 17, 2)"
v_TableTennisShot_g20_c06,4,108,"(256, 340)","(1, 108, 17, 2)"
v_TableTennisShot_g20_c07,4,146,"(256, 340)","(2, 146, 17, 2)"
v_TableTennisShot_g21_c01,4,74,"(256, 340)","(3, 74, 17, 2)"
v_TableTennisShot_g21_c02,4,74,"(256, 340)","(3, 74, 17, 2)"
v_TableTennisShot_g21_c03,4,74,"(256, 340)","(3, 74, 17, 2)"
v_TableTennisShot_g21_c04,4,56,"(256, 340)","(2, 56, 17, 2)"
v_TableTennisShot_g22_c01,4,249,"(256, 340)","(2, 249, 17, 2)"
v_TableTennisShot_g22_c02,4,202,"(256, 340)","(2, 202, 17, 2)"
v_TableTennisShot_g22_c03,4,204,"(256, 340)","(3, 204, 17, 2)"
v_TableTennisShot_g22_c04,4,214,"(256, 340)","(2, 214, 17, 2)"
v_TableTennisShot_g22_c05,4,229,"(256, 340)","(3, 229, 17, 2)"
v_TableTennisShot_g22_c06,4,249,"(256, 340)","(2, 249, 17, 2)"
v_TableTennisShot_g22_c07,4,234,"(256, 340)","(2, 234, 17, 2)"
v_TableTennisShot_g23_c01,4,222,"(256, 340)","(1, 222, 17, 2)"
v_TableTennisShot_g23_c02,4,226,"(256, 340)","(2, 226, 17, 2)"
v_TableTennisShot_g23_c03,4,254,"(256, 340)","(1, 254, 17, 2)"
v_TableTennisShot_g23_c04,4,289,"(256, 340)","(2, 289, 17, 2)"
v_TableTennisShot_g23_c05,4,127,"(256, 340)","(2, 127, 17, 2)"
v_TableTennisShot_g23_c06,4,299,"(256, 340)","(2, 299, 17, 2)"
v_TableTennisShot_g23_c07,4,274,"(256, 340)","(2, 274, 17, 2)"
v_TableTennisShot_g24_c01,4,224,"(256, 340)","(6, 224, 17, 2)"
v_TableTennisShot_g24_c02,4,224,"(256, 340)","(6, 224, 17, 2)"
v_TableTennisShot_g24_c03,4,249,"(256, 340)","(6, 249, 17, 2)"
v_TableTennisShot_g24_c04,4,258,"(256, 340)","(6, 258, 17, 2)"
v_TableTennisShot_g24_c05,4,206,"(256, 340)","(6, 206, 17, 2)"
v_TableTennisShot_g24_c06,4,224,"(256, 340)","(5, 224, 17, 2)"
v_TableTennisShot_g24_c07,4,280,"(256, 340)","(5, 280, 17, 2)"
v_TableTennisShot_g25_c01,4,174,"(256, 340)","(3, 174, 17, 2)"
v_TableTennisShot_g25_c02,4,229,"(256, 340)","(2, 229, 17, 2)"
v_TableTennisShot_g25_c03,4,230,"(256, 340)","(3, 230, 17, 2)"
v_TableTennisShot_g25_c04,4,207,"(256, 340)","(2, 207, 17, 2)"
v_TableTennisShot_g25_c05,4,202,"(256, 340)","(2, 202, 17, 2)"
v_TableTennisShot_g25_c06,4,216,"(256, 340)","(2, 216, 17, 2)"
v_TableTennisShot_g25_c07,4,350,"(256, 340)","(2, 350, 17, 2)"
v_Basketball_g01_c01,6,140,"(256, 340)","(2, 140, 17, 2)"
v_Basketball_g01_c02,6,179,"(256, 340)","(2, 179, 17, 2)"
v_Basketball_g01_c03,6,205,"(256, 340)","(2, 205, 17, 2)"
v_Basketball_g01_c04,6,107,"(256, 340)","(2, 107, 17, 2)"
v_Basketball_g01_c05,6,140,"(256, 340)","(2, 140, 17, 2)"
v_Basketball_g01_c06,6,147,"(256, 340)","(2, 147, 17, 2)"
v_Basketball_g01_c07,6,99,"(256, 340)","(2, 99, 17, 2)"
v_Basketball_g02_c01,6,52,"(256, 340)","(2, 52, 17, 2)"
v_Basketball_g02_c02,6,55,"(256, 340)","(3, 55, 17, 2)"
v_Basketball_g02_c03,6,111,"(256, 340)","(3, 111, 17, 2)"
v_Basketball_g02_c04,6,79,"(256, 340)","(2, 79, 17, 2)"
v_Basketball_g02_c05,6,143,"(256, 340)","(3, 143, 17, 2)"
v_Basketball_g02_c06,6,123,"(256, 340)","(3, 123, 17, 2)"
v_Basketball_g03_c01,6,137,"(256, 340)","(2, 137, 17, 2)"
v_Basketball_g03_c02,6,125,"(256, 340)","(2, 125, 17, 2)"
v_Basketball_g03_c03,6,66,"(256, 340)","(2, 66, 17, 2)"
v_Basketball_g03_c04,6,79,"(256, 340)","(1, 79, 17, 2)"
v_Basketball_g03_c05,6,122,"(256, 340)","(2, 122, 17, 2)"
v_Basketball_g03_c06,6,85,"(256, 340)","(1, 85, 17, 2)"
v_Basketball_g04_c01,6,108,"(256, 340)","(2, 108, 17, 2)"
v_Basketball_g04_c02,6,103,"(256, 340)","(2, 103, 17, 2)"
v_Basketball_g04_c03,6,105,"(256, 340)","(2, 105, 17, 2)"
v_Basketball_g04_c04,6,71,"(256, 340)","(3, 71, 17, 2)"
v_Basketball_g05_c01,6,128,"(256, 340)","(2, 128, 17, 2)"
v_Basketball_g05_c02,6,110,"(256, 340)","(6, 110, 17, 2)"
v_Basketball_g05_c03,6,99,"(256, 340)","(2, 99, 17, 2)"
v_Basketball_g05_c04,6,86,"(256, 340)","(1, 86, 17, 2)"
v_Basketball_g06_c01,6,70,"(256, 340)","(2, 70, 17, 2)"
v_Basketball_g06_c02,6,100,"(256, 340)","(2, 100, 17, 2)"
v_Basketball_g06_c03,6,79,"(256, 340)","(2, 79, 17, 2)"
v_Basketball_g06_c04,6,28,"(256, 340)","(2, 28, 17, 2)"
v_Basketball_g07_c01,6,141,"(256, 340)","(2, 141, 17, 2)"
v_Basketball_g07_c02,6,100,"(256, 340)","(2, 100, 17, 2)"
v_Basketball_g07_c03,6,149,"(256, 340)","(2, 149, 17, 2)"
v_Basketball_g07_c04,6,100,"(256, 340)","(2, 100, 17, 2)"
v_Biking_g01_c01,0,147,"(256, 340)","(2, 147, 17, 2)"
v_Biking_g01_c02,0,150,"(256, 340)","(2, 150, 17, 2)"
v_Biking_g01_c03,0,150,"(256, 340)","(2, 150, 17, 2)"
v_Biking_g01_c04,0,179,"(256, 340)","(2, 179, 17, 2)"
v_Biking_g02_c01,0,238,"(256, 340)","(2, 238, 17, 2)"
v_Biking_g02_c02,0,205,"(256, 340)","(2, 205, 17, 2)"
v_Biking_g02_c03,0,230,"(256, 340)","(3, 230, 17, 2)"
v_Biking_g02_c04,0,239,"(256, 340)","(2, 239, 17, 2)"
v_Biking_g02_c05,0,178,"(256, 340)","(3, 178, 17, 2)"
v_Biking_g02_c06,0,238,"(256, 340)","(4, 238, 17, 2)"
v_Biking_g02_c07,0,222,"(256, 340)","(3, 222, 17, 2)"
v_Biking_g03_c01,0,378,"(256, 340)","(2, 378, 17, 2)"
v_Biking_g03_c02,0,379,"(256, 340)","(1, 379, 17, 2)"
v_Biking_g03_c03,0,355,"(256, 340)","(2, 355, 17, 2)"
v_Biking_g03_c04,0,377,"(256, 340)","(2, 377, 17, 2)"
v_Biking_g04_c01,0,239,"(256, 340)","(2, 239, 17, 2)"
v_Biking_g04_c02,0,179,"(256, 340)","(3, 179, 17, 2)"
v_Biking_g04_c03,0,239,"(256, 340)","(4, 239, 17, 2)"
v_Biking_g04_c04,0,215,"(256, 340)","(2, 215, 17, 2)"
v_Biking_g04_c05,0,212,"(256, 340)","(3, 212, 17, 2)"
v_Biking_g05_c01,0,299,"(256, 340)","(4, 299, 17, 2)"
v_Biking_g05_c02,0,200,"(256, 340)","(3, 200, 17, 2)"
v_Biking_g05_c03,0,191,"(256, 340)","(2, 191, 17, 2)"
v_Biking_g05_c04,0,200,"(256, 340)","(3, 200, 17, 2)"
v_Biking_g05_c05,0,162,"(256, 340)","(3, 162, 17, 2)"
v_Biking_g05_c06,0,179,"(256, 340)","(3, 179, 17, 2)"
v_Biking_g05_c07,0,179,"(256, 340)","(3, 179, 17, 2)"
v_Biking_g06_c01,0,100,"(256, 340)","(3, 100, 17, 2)"
v_Biking_g06_c02,0,152,"(256, 340)","(2, 152, 17, 2)"
v_Biking_g06_c03,0,183,"(256, 340)","(2, 183, 17, 2)"
v_Biking_g06_c04,0,234,"(256, 340)","(2, 234, 17, 2)"
v_Biking_g06_c05,0,200,"(256, 340)","(3, 200, 17, 2)"
v_Biking_g07_c01,0,299,"(256, 340)","(4, 299, 17, 2)"
v_Biking_g07_c02,0,353,"(256, 340)","(2, 353, 17, 2)"
v_Biking_g07_c03,0,399,"(256, 340)","(6, 399, 17, 2)"
v_Biking_g07_c04,0,298,"(256, 340)","(6, 298, 17, 2)"
v_Biking_g07_c05,0,191,"(256, 340)","(3, 191, 17, 2)"
v_Biking_g07_c06,0,239,"(256, 340)","(2, 239, 17, 2)"
v_BlowDryHair_g01_c01,9,241,"(256, 340)","(4, 241, 17, 2)"
v_BlowDryHair_g01_c02,9,218,"(256, 340)","(3, 218, 17, 2)"
v_BlowDryHair_g01_c03,9,166,"(256, 340)","(3, 166, 17, 2)"
v_BlowDryHair_g01_c04,9,142,"(256, 340)","(3, 142, 17, 2)"
v_BlowDryHair_g02_c01,9,127,"(256, 340)","(3, 127, 17, 2)"
v_BlowDryHair_g02_c02,9,136,"(256, 340)","(3, 136, 17, 2)"
v_BlowDryHair_g02_c03,9,189,"(256, 340)","(3, 189, 17, 2)"
v_BlowDryHair_g02_c04,9,209,"(256, 340)","(3, 209, 17, 2)"
v_BlowDryHair_g02_c05,9,236,"(256, 340)","(3, 236, 17, 2)"
v_BlowDryHair_g03_c01,9,236,"(256, 340)","(3, 236, 17, 2)"
v_BlowDryHair_g03_c02,9,241,"(256, 340)","(3, 241, 17, 2)"
v_BlowDryHair_g03_c03,9,133,"(256, 340)","(2, 133, 17, 2)"
v_BlowDryHair_g03_c04,9,189,"(256, 340)","(2, 189, 17, 2)"
v_BlowDryHair_g03_c05,9,118,"(256, 340)","(2, 118, 17, 2)"
v_BlowDryHair_g04_c01,9,342,"(256, 340)","(5, 342, 17, 2)"
v_BlowDryHair_g04_c02,9,204,"(256, 340)","(3, 204, 17, 2)"
v_BlowDryHair_g04_c03,9,169,"(256, 340)","(2, 169, 17, 2)"
v_BlowDryHair_g04_c04,9,170,"(256, 340)","(4, 170, 17, 2)"
v_BlowDryHair_g04_c05,9,116,"(256, 340)","(3, 116, 17, 2)"
v_BlowDryHair_g05_c01,9,137,"(256, 340)","(3, 137, 17, 2)"
v_BlowDryHair_g05_c02,9,150,"(256, 340)","(2, 150, 17, 2)"
v_BlowDryHair_g05_c03,9,187,"(256, 340)","(4, 187, 17, 2)"
v_BlowDryHair_g05_c04,9,86,"(256, 340)","(4, 86, 17, 2)"
v_BlowDryHair_g05_c05,9,94,"(256, 340)","(3, 94, 17, 2)"
v_BlowDryHair_g06_c01,9,193,"(256, 340)","(4, 193, 17, 2)"
v_BlowDryHair_g06_c02,9,202,"(256, 340)","(4, 202, 17, 2)"
v_BlowDryHair_g06_c03,9,96,"(256, 340)","(4, 96, 17, 2)"
v_BlowDryHair_g06_c04,9,171,"(256, 340)","(3, 171, 17, 2)"
v_BlowDryHair_g06_c05,9,222,"(256, 340)","(4, 222, 17, 2)"
v_BlowDryHair_g06_c06,9,189,"(256, 340)","(4, 189, 17, 2)"
v_BlowDryHair_g06_c07,9,165,"(256, 340)","(4, 165, 17, 2)"
v_BlowDryHair_g07_c01,9,67,"(256, 340)","(2, 67, 17, 2)"
v_BlowDryHair_g07_c02,9,72,"(256, 340)","(3, 72, 17, 2)"
v_BlowDryHair_g07_c03,9,77,"(256, 340)","(3, 77, 17, 2)"
v_BlowDryHair_g07_c04,9,77,"(256, 340)","(2, 77, 17, 2)"
v_BlowDryHair_g07_c05,9,79,"(256, 340)","(3, 79, 17, 2)"
v_BlowDryHair_g07_c06,9,85,"(256, 340)","(3, 85, 17, 2)"
v_BlowDryHair_g07_c07,9,84,"(256, 340)","(3, 84, 17, 2)"
v_BoxingPunchingBag_g01_c01,1,128,"(256, 340)","(3, 128, 17, 2)"
v_BoxingPunchingBag_g01_c02,1,158,"(256, 340)","(3, 158, 17, 2)"
v_BoxingPunchingBag_g01_c03,1,147,"(256, 340)","(3, 147, 17, 2)"
v_BoxingPunchingBag_g01_c04,1,168,"(256, 340)","(3, 168, 17, 2)"
v_BoxingPunchingBag_g01_c05,1,168,"(256, 340)","(2, 168, 17, 2)"
v_BoxingPunchingBag_g01_c06,1,163,"(256, 340)","(3, 163, 17, 2)"
v_BoxingPunchingBag_g01_c07,1,152,"(256, 340)","(3, 152, 17, 2)"
v_BoxingPunchingBag_g02_c01,1,130,"(256, 340)","(2, 130, 17, 2)"
v_BoxingPunchingBag_g02_c02,1,280,"(256, 340)","(2, 280, 17, 2)"
v_BoxingPunchingBag_g02_c03,1,228,"(256, 340)","(3, 228, 17, 2)"
v_BoxingPunchingBag_g02_c04,1,222,"(256, 340)","(3, 222, 17, 2)"
v_BoxingPunchingBag_g02_c05,1,168,"(256, 340)","(2, 168, 17, 2)"
v_BoxingPunchingBag_g02_c06,1,178,"(256, 340)","(3, 178, 17, 2)"
v_BoxingPunchingBag_g02_c07,1,284,"(256, 340)","(3, 284, 17, 2)"
v_BoxingPunchingBag_g03_c01,1,175,"(256, 340)","(2, 175, 17, 2)"
v_BoxingPunchingBag_g03_c02,1,151,"(256, 340)","(2, 151, 17, 2)"
v_BoxingPunchingBag_g03_c03,1,184,"(256, 340)","(2, 184, 17, 2)"
v_BoxingPunchingBag_g03_c04,1,272,"(256, 340)","(2, 272, 17, 2)"
v_BoxingPunchingBag_g03_c05,1,169,"(256, 340)","(2, 169, 17, 2)"
v_BoxingPunchingBag_g03_c06,1,131,"(256, 340)","(2, 131, 17, 2)"
v_BoxingPunchingBag_g03_c07,1,226,"(256, 340)","(2, 226, 17, 2)"
v_BoxingPunchingBag_g04_c01,1,244,"(256, 340)","(5, 244, 17, 2)"
v_BoxingPunchingBag_g04_c02,1,270,"(256, 340)","(4, 270, 17, 2)"
v_BoxingPunchingBag_g04_c03,1,211,"(256, 340)","(4, 211, 17, 2)"
v_BoxingPunchingBag_g04_c04,1,205,"(256, 340)","(3, 205, 17, 2)"
v_BoxingPunchingBag_g04_c05,1,257,"(256, 340)","(4, 257, 17, 2)"
v_BoxingPunchingBag_g04_c06,1,204,"(256, 340)","(3, 204, 17, 2)"
v_BoxingPunchingBag_g04_c07,1,225,"(256, 340)","(3, 225, 17, 2)"
v_BoxingPunchingBag_g05_c01,1,295,"(256, 340)","(3, 295, 17, 2)"
v_BoxingPunchingBag_g05_c02,1,218,"(256, 340)","(3, 218, 17, 2)"
v_BoxingPunchingBag_g05_c03,1,231,"(256, 340)","(3, 231, 17, 2)"
v_BoxingPunchingBag_g05_c04,1,237,"(256, 340)","(3, 237, 17, 2)"
v_BoxingPunchingBag_g05_c05,1,245,"(256, 340)","(3, 245, 17, 2)"
v_BoxingPunchingBag_g05_c06,1,245,"(256, 340)","(3, 245, 17, 2)"
v_BoxingPunchingBag_g05_c07,1,199,"(256, 340)","(2, 199, 17, 2)"
v_BoxingPunchingBag_g06_c01,1,131,"(256, 340)","(3, 131, 17, 2)"
v_BoxingPunchingBag_g06_c02,1,127,"(256, 340)","(2, 127, 17, 2)"
v_BoxingPunchingBag_g06_c03,1,130,"(256, 340)","(2, 130, 17, 2)"
v_BoxingPunchingBag_g06_c04,1,126,"(256, 340)","(3, 126, 17, 2)"
v_BoxingPunchingBag_g06_c05,1,58,"(256, 340)","(3, 58, 17, 2)"
v_BoxingPunchingBag_g06_c06,1,134,"(256, 340)","(3, 134, 17, 2)"
v_BoxingPunchingBag_g06_c07,1,160,"(256, 340)","(5, 160, 17, 2)"
v_BoxingPunchingBag_g07_c01,1,251,"(256, 340)","(2, 251, 17, 2)"
v_BoxingPunchingBag_g07_c02,1,274,"(256, 340)","(2, 274, 17, 2)"
v_BoxingPunchingBag_g07_c03,1,286,"(256, 340)","(2, 286, 17, 2)"
v_BoxingPunchingBag_g07_c04,1,284,"(256, 340)","(2, 284, 17, 2)"
v_BoxingPunchingBag_g07_c05,1,310,"(256, 340)","(3, 310, 17, 2)"
v_BoxingPunchingBag_g07_c06,1,278,"(256, 340)","(2, 278, 17, 2)"
v_BoxingPunchingBag_g07_c07,1,252,"(256, 340)","(2, 252, 17, 2)"
v_Diving_g01_c01,2,201,"(256, 340)","(4, 201, 17, 2)"
v_Diving_g01_c02,2,273,"(256, 340)","(5, 273, 17, 2)"
v_Diving_g01_c03,2,203,"(256, 340)","(3, 203, 17, 2)"
v_Diving_g01_c04,2,131,"(256, 340)","(4, 131, 17, 2)"
v_Diving_g01_c05,2,233,"(256, 340)","(3, 233, 17, 2)"
v_Diving_g01_c06,2,254,"(256, 340)","(3, 254, 17, 2)"
v_Diving_g01_c07,2,242,"(256, 340)","(5, 242, 17, 2)"
v_Diving_g02_c01,2,133,"(256, 340)","(4, 133, 17, 2)"
v_Diving_g02_c02,2,143,"(256, 340)","(3, 143, 17, 2)"
v_Diving_g02_c03,2,127,"(256, 340)","(2, 127, 17, 2)"
v_Diving_g02_c04,2,91,"(256, 340)","(2, 91, 17, 2)"
v_Diving_g02_c05,2,199,"(256, 340)","(3, 199, 17, 2)"
v_Diving_g02_c06,2,151,"(256, 340)","(2, 151, 17, 2)"
v_Diving_g02_c07,2,87,"(256, 340)","(1, 87, 17, 2)"
v_Diving_g03_c01,2,179,"(256, 340)","(2, 179, 17, 2)"
v_Diving_g03_c02,2,139,"(256, 340)","(2, 139, 17, 2)"
v_Diving_g03_c03,2,141,"(256, 340)","(2, 141, 17, 2)"
v_Diving_g03_c04,2,190,"(256, 340)","(1, 190, 17, 2)"
v_Diving_g03_c05,2,247,"(256, 340)","(2, 247, 17, 2)"
v_Diving_g03_c06,2,76,"(256, 340)","(1, 76, 17, 2)"
v_Diving_g03_c07,2,102,"(256, 340)","(1, 102, 17, 2)"
v_Diving_g04_c01,2,105,"(256, 340)","(6, 105, 17, 2)"
v_Diving_g04_c02,2,97,"(256, 340)","(4, 97, 17, 2)"
v_Diving_g04_c03,2,145,"(256, 340)","(5, 145, 17, 2)"
v_Diving_g04_c04,2,206,"(256, 340)","(1, 206, 17, 2)"
v_Diving_g04_c05,2,149,"(256, 340)","(5, 149, 17, 2)"
v_Diving_g04_c06,2,119,"(256, 340)","(5, 119, 17, 2)"
v_Diving_g04_c07,2,149,"(256, 340)","(4, 149, 17, 2)"
v_Diving_g05_c01,2,109,"(256, 340)","(8, 109, 17, 2)"
v_Diving_g05_c02,2,101,"(256, 340)","(2, 101, 17, 2)"
v_Diving_g05_c03,2,105,"(256, 340)","(2, 105, 17, 2)"
v_Diving_g05_c04,2,129,"(256, 340)","(2, 129, 17, 2)"
v_Diving_g05_c05,2,96,"(256, 340)","(2, 96, 17, 2)"
v_Diving_g05_c06,2,59,"(256, 340)","(8, 59, 17, 2)"
v_Diving_g06_c01,2,211,"(256, 340)","(5, 211, 17, 2)"
v_Diving_g06_c02,2,208,"(256, 340)","(5, 208, 17, 2)"
v_Diving_g06_c03,2,235,"(256, 340)","(5, 235, 17, 2)"
v_Diving_g06_c04,2,214,"(256, 340)","(4, 214, 17, 2)"
v_Diving_g06_c05,2,122,"(256, 340)","(3, 122, 17, 2)"
v_Diving_g06_c06,2,218,"(256, 340)","(5, 218, 17, 2)"
v_Diving_g06_c07,2,241,"(256, 340)","(4, 241, 17, 2)"
v_Diving_g07_c01,2,156,"(256, 340)","(1, 156, 17, 2)"
v_Diving_g07_c02,2,128,"(256, 340)","(2, 128, 17, 2)"
v_Diving_g07_c03,2,213,"(256, 340)","(1, 213, 17, 2)"
v_Diving_g07_c04,2,167,"(256, 340)","(1, 167, 17, 2)"
v_HeadMassage_g01_c01,8,153,"(256, 340)","(4, 153, 17, 2)"
v_HeadMassage_g01_c02,8,151,"(256, 340)","(7, 151, 17, 2)"
v_HeadMassage_g01_c03,8,148,"(256, 340)","(5, 148, 17, 2)"
v_HeadMassage_g01_c04,8,107,"(256, 340)","(4, 107, 17, 2)"
v_HeadMassage_g01_c05,8,121,"(256, 340)","(7, 121, 17, 2)"
v_HeadMassage_g02_c01,8,242,"(256, 340)","(3, 242, 17, 2)"
v_HeadMassage_g02_c02,8,240,"(256, 340)","(3, 240, 17, 2)"
v_HeadMassage_g02_c03,8,277,"(256, 340)","(4, 277, 17, 2)"
v_HeadMassage_g02_c04,8,256,"(256, 340)","(3, 256, 17, 2)"
v_HeadMassage_g02_c05,8,306,"(256, 340)","(4, 306, 17, 2)"
v_HeadMassage_g02_c06,8,309,"(256, 340)","(3, 309, 17, 2)"
v_HeadMassage_g02_c07,8,247,"(256, 340)","(3, 247, 17, 2)"
v_HeadMassage_g03_c01,8,319,"(256, 340)","(7, 319, 17, 2)"
v_HeadMassage_g03_c02,8,319,"(256, 340)","(8, 319, 17, 2)"
v_HeadMassage_g03_c03,8,355,"(256, 340)","(6, 355, 17, 2)"
v_HeadMassage_g03_c04,8,314,"(256, 340)","(7, 314, 17, 2)"
v_HeadMassage_g03_c05,8,348,"(256, 340)","(7, 348, 17, 2)"
v_HeadMassage_g03_c06,8,403,"(256, 340)","(10, 403, 17, 2)"
v_HeadMassage_g03_c07,8,336,"(256, 340)","(7, 336, 17, 2)"
v_HeadMassage_g04_c01,8,152,"(256, 340)","(5, 152, 17, 2)"
v_HeadMassage_g04_c02,8,167,"(256, 340)","(5, 167, 17, 2)"
v_HeadMassage_g04_c03,8,179,"(256, 340)","(6, 179, 17, 2)"
v_HeadMassage_g04_c04,8,197,"(256, 340)","(6, 197, 17, 2)"
v_HeadMassage_g05_c01,8,218,"(256, 340)","(4, 218, 17, 2)"
v_HeadMassage_g05_c02,8,198,"(256, 340)","(4, 198, 17, 2)"
v_HeadMassage_g05_c03,8,230,"(256, 340)","(4, 230, 17, 2)"
v_HeadMassage_g05_c04,8,242,"(256, 340)","(4, 242, 17, 2)"
v_HeadMassage_g05_c05,8,269,"(256, 340)","(4, 269, 17, 2)"
v_HeadMassage_g05_c06,8,106,"(256, 340)","(5, 106, 17, 2)"
v_HeadMassage_g06_c01,8,228,"(256, 340)","(5, 228, 17, 2)"
v_HeadMassage_g06_c02,8,110,"(256, 340)","(4, 110, 17, 2)"
v_HeadMassage_g06_c03,8,237,"(256, 340)","(2, 237, 17, 2)"
v_HeadMassage_g06_c04,8,231,"(256, 340)","(3, 231, 17, 2)"
v_HeadMassage_g06_c05,8,262,"(256, 340)","(3, 262, 17, 2)"
v_HeadMassage_g06_c06,8,208,"(256, 340)","(4, 208, 17, 2)"
v_HeadMassage_g06_c07,8,256,"(256, 340)","(3, 256, 17, 2)"
v_HeadMassage_g07_c01,8,251,"(256, 340)","(12, 251, 17, 2)"
v_HeadMassage_g07_c02,8,297,"(256, 340)","(10, 297, 17, 2)"
v_HeadMassage_g07_c03,8,177,"(256, 340)","(7, 177, 17, 2)"
v_HeadMassage_g07_c04,8,230,"(256, 340)","(7, 230, 17, 2)"
v_HeadMassage_g07_c05,8,248,"(256, 340)","(6, 248, 17, 2)"
v_Nunchucks_g01_c01,7,264,"(256, 340)","(2, 264, 17, 2)"
v_Nunchucks_g01_c02,7,260,"(256, 340)","(2, 260, 17, 2)"
v_Nunchucks_g01_c03,7,234,"(256, 340)","(2, 234, 17, 2)"
v_Nunchucks_g01_c04,7,229,"(256, 340)","(1, 229, 17, 2)"
v_Nunchucks_g02_c01,7,291,"(256, 340)","(2, 291, 17, 2)"
v_Nunchucks_g02_c02,7,235,"(256, 340)","(2, 235, 17, 2)"
v_Nunchucks_g02_c03,7,276,"(256, 340)","(3, 276, 17, 2)"
v_Nunchucks_g02_c04,7,244,"(256, 340)","(2, 244, 17, 2)"
v_Nunchucks_g02_c05,7,291,"(256, 340)","(2, 291, 17, 2)"
v_Nunchucks_g02_c06,7,296,"(256, 340)","(3, 296, 17, 2)"
v_Nunchucks_g03_c01,7,246,"(256, 340)","(2, 246, 17, 2)"
v_Nunchucks_g03_c02,7,250,"(256, 340)","(1, 250, 17, 2)"
v_Nunchucks_g03_c03,7,250,"(256, 340)","(1, 250, 17, 2)"
v_Nunchucks_g03_c04,7,249,"(256, 340)","(1, 249, 17, 2)"
v_Nunchucks_g03_c05,7,251,"(256, 340)","(1, 251, 17, 2)"
v_Nunchucks_g03_c06,7,248,"(256, 340)","(1, 248, 17, 2)"
v_Nunchucks_g03_c07,7,243,"(256, 340)","(1, 243, 17, 2)"
v_Nunchucks_g04_c01,7,260,"(256, 340)","(1, 260, 17, 2)"
v_Nunchucks_g04_c02,7,260,"(256, 340)","(1, 260, 17, 2)"
v_Nunchucks_g04_c03,7,257,"(256, 340)","(1, 257, 17, 2)"
v_Nunchucks_g04_c04,7,257,"(256, 340)","(1, 257, 17, 2)"
v_Nunchucks_g04_c05,7,267,"(256, 340)","(1, 267, 17, 2)"
v_Nunchucks_g04_c06,7,250,"(256, 340)","(1, 250, 17, 2)"
v_Nunchucks_g05_c01,7,225,"(256, 340)","(2, 225, 17, 2)"
v_Nunchucks_g05_c02,7,208,"(256, 340)","(2, 208, 17, 2)"
v_Nunchucks_g05_c03,7,204,"(256, 340)","(2, 204, 17, 2)"
v_Nunchucks_g05_c04,7,215,"(256, 340)","(2, 215, 17, 2)"
v_Nunchucks_g06_c01,7,317,"(256, 340)","(3, 317, 17, 2)"
v_Nunchucks_g06_c02,7,219,"(256, 340)","(10, 219, 17, 2)"
v_Nunchucks_g06_c03,7,209,"(256, 340)","(3, 209, 17, 2)"
v_Nunchucks_g06_c04,7,211,"(256, 340)","(3, 211, 17, 2)"
v_Nunchucks_g07_c01,7,254,"(256, 340)","(2, 254, 17, 2)"
v_Nunchucks_g07_c02,7,254,"(256, 340)","(1, 254, 17, 2)"
v_Nunchucks_g07_c03,7,150,"(256, 340)","(2, 150, 17, 2)"
v_Nunchucks_g07_c04,7,246,"(256, 340)","(2, 246, 17, 2)"
v_PlayingDaf_g01_c01,3,121,"(256, 340)","(3, 121, 17, 2)"
v_PlayingDaf_g01_c02,3,179,"(256, 340)","(3, 179, 17, 2)"
v_PlayingDaf_g01_c03,3,189,"(256, 340)","(3, 189, 17, 2)"
v_PlayingDaf_g01_c04,3,186,"(256, 340)","(3, 186, 17, 2)"
v_PlayingDaf_g02_c01,3,358,"(256, 340)","(2, 358, 17, 2)"
v_PlayingDaf_g02_c02,3,363,"(256, 340)","(3, 363, 17, 2)"
v_PlayingDaf_g02_c03,3,323,"(256, 340)","(3, 323, 17, 2)"
v_PlayingDaf_g02_c04,3,319,"(256, 340)","(3, 319, 17, 2)"
v_PlayingDaf_g02_c05,3,324,"(256, 340)","(2, 324, 17, 2)"
v_PlayingDaf_g02_c06,3,362,"(256, 340)","(2, 362, 17, 2)"
v_PlayingDaf_g02_c07,3,333,"(256, 340)","(2, 333, 17, 2)"
v_PlayingDaf_g03_c01,3,186,"(256, 340)","(2, 186, 17, 2)"
v_PlayingDaf_g03_c02,3,170,"(256, 340)","(2, 170, 17, 2)"
v_PlayingDaf_g03_c03,3,180,"(256, 340)","(2, 180, 17, 2)"
v_PlayingDaf_g03_c04,3,210,"(256, 340)","(2, 210, 17, 2)"
v_PlayingDaf_g04_c01,3,326,"(256, 340)","(2, 326, 17, 2)"
v_PlayingDaf_g04_c02,3,345,"(256, 340)","(2, 345, 17, 2)"
v_PlayingDaf_g04_c03,3,304,"(256, 340)","(2, 304, 17, 2)"
v_PlayingDaf_g04_c04,3,304,"(256, 340)","(3, 304, 17, 2)"
v_PlayingDaf_g04_c05,3,319,"(256, 340)","(2, 319, 17, 2)"
v_PlayingDaf_g04_c06,3,339,"(256, 340)","(3, 339, 17, 2)"
v_PlayingDaf_g04_c07,3,370,"(256, 340)","(1, 370, 17, 2)"
v_PlayingDaf_g05_c01,3,300,"(256, 340)","(2, 300, 17, 2)"
v_PlayingDaf_g05_c02,3,333,"(256, 340)","(2, 333, 17, 2)"
v_PlayingDaf_g05_c03,3,347,"(256, 340)","(2, 347, 17, 2)"
v_PlayingDaf_g05_c04,3,392,"(256, 340)","(1, 392, 17, 2)"
v_PlayingDaf_g05_c05,3,402,"(256, 340)","(2, 402, 17, 2)"
v_PlayingDaf_g05_c06,3,385,"(256, 340)","(1, 385, 17, 2)"
v_PlayingDaf_g05_c07,3,376,"(256, 340)","(2, 376, 17, 2)"
v_PlayingDaf_g06_c01,3,298,"(256, 340)","(2, 298, 17, 2)"
v_PlayingDaf_g06_c02,3,298,"(256, 340)","(2, 298, 17, 2)"
v_PlayingDaf_g06_c03,3,318,"(256, 340)","(2, 318, 17, 2)"
v_PlayingDaf_g06_c04,3,317,"(256, 340)","(2, 317, 17, 2)"
v_PlayingDaf_g06_c05,3,300,"(256, 340)","(3, 300, 17, 2)"
v_PlayingDaf_g06_c06,3,310,"(256, 340)","(2, 310, 17, 2)"
v_PlayingDaf_g06_c07,3,219,"(256, 340)","(3, 219, 17, 2)"
v_PlayingDaf_g07_c01,3,248,"(256, 340)","(2, 248, 17, 2)"
v_PlayingDaf_g07_c02,3,248,"(256, 340)","(3, 248, 17, 2)"
v_PlayingDaf_g07_c03,3,248,"(256, 340)","(2, 248, 17, 2)"
v_PlayingDaf_g07_c04,3,248,"(256, 340)","(3, 248, 17, 2)"
v_PlayingDaf_g07_c05,3,248,"(256, 340)","(2, 248, 17, 2)"
v_Swing_g01_c01,5,167,"(256, 340)","(2, 167, 17, 2)"
v_Swing_g01_c02,5,167,"(256, 340)","(3, 167, 17, 2)"
v_Swing_g01_c03,5,167,"(256, 340)","(2, 167, 17, 2)"
v_Swing_g01_c04,5,122,"(256, 340)","(2, 122, 17, 2)"
v_Swing_g01_c05,5,180,"(256, 340)","(2, 180, 17, 2)"
v_Swing_g02_c01,5,109,"(256, 340)","(2, 109, 17, 2)"
v_Swing_g02_c02,5,327,"(256, 340)","(2, 327, 17, 2)"
v_Swing_g02_c03,5,299,"(256, 340)","(4, 299, 17, 2)"
v_Swing_g02_c04,5,317,"(256, 340)","(3, 317, 17, 2)"
v_Swing_g02_c05,5,188,"(256, 340)","(2, 188, 17, 2)"
v_Swing_g03_c01,5,144,"(256, 340)","(4, 144, 17, 2)"
v_Swing_g03_c02,5,144,"(256, 340)","(5, 144, 17, 2)"
v_Swing_g03_c03,5,144,"(256, 340)","(5, 144, 17, 2)"
v_Swing_g03_c04,5,144,"(256, 340)","(5, 144, 17, 2)"
v_Swing_g04_c01,5,125,"(256, 340)","(2, 125, 17, 2)"
v_Swing_g04_c02,5,125,"(256, 340)","(2, 125, 17, 2)"
v_Swing_g04_c03,5,164,"(256, 340)","(3, 164, 17, 2)"
v_Swing_g04_c04,5,162,"(256, 340)","(2, 162, 17, 2)"
v_Swing_g04_c05,5,150,"(256, 340)","(4, 150, 17, 2)"
v_Swing_g04_c06,5,199,"(256, 340)","(3, 199, 17, 2)"
v_Swing_g04_c07,5,196,"(256, 340)","(3, 196, 17, 2)"
v_Swing_g05_c01,5,108,"(256, 340)","(3, 108, 17, 2)"
v_Swing_g05_c02,5,108,"(256, 340)","(2, 108, 17, 2)"
v_Swing_g05_c03,5,108,"(256, 340)","(3, 108, 17, 2)"
v_Swing_g05_c04,5,108,"(256, 340)","(3, 108, 17, 2)"
v_Swing_g05_c05,5,200,"(256, 340)","(3, 200, 17, 2)"
v_Swing_g05_c06,5,198,"(256, 340)","(3, 198, 17, 2)"
v_Swing_g05_c07,5,200,"(256, 340)","(3, 200, 17, 2)"
v_Swing_g06_c01,5,125,"(256, 340)","(5, 125, 17, 2)"
v_Swing_g06_c02,5,125,"(256, 340)","(4, 125, 17, 2)"
v_Swing_g06_c03,5,125,"(256, 340)","(4, 125, 17, 2)"
v_Swing_g06_c04,5,125,"(256, 340)","(3, 125, 17, 2)"
v_Swing_g06_c05,5,137,"(256, 340)","(4, 137, 17, 2)"
v_Swing_g06_c06,5,145,"(256, 340)","(4, 145, 17, 2)"
v_Swing_g06_c07,5,50,"(256, 340)","(3, 50, 17, 2)"
v_Swing_g07_c01,5,125,"(256, 340)","(4, 125, 17, 2)"
v_Swing_g07_c02,5,250,"(256, 340)","(3, 250, 17, 2)"
v_Swing_g07_c03,5,250,"(256, 340)","(4, 250, 17, 2)"
v_Swing_g07_c04,5,200,"(256, 340)","(4, 200, 17, 2)"
v_Swing_g07_c05,5,149,"(256, 340)","(3, 149, 17, 2)"
v_Swing_g07_c06,5,160,"(256, 340)","(3, 160, 17, 2)"
v_Swing_g07_c07,5,150,"(256, 340)","(4, 150, 17, 2)"
v_TableTennisShot_g01_c01,4,156,"(256, 340)","(2, 156, 17, 2)"
v_TableTennisShot_g01_c02,4,168,"(256, 340)","(2, 168, 17, 2)"
v_TableTennisShot_g01_c03,4,125,"(256, 340)","(2, 125, 17, 2)"
v_TableTennisShot_g01_c04,4,162,"(256, 340)","(1, 162, 17, 2)"
v_TableTennisShot_g01_c05,4,163,"(256, 340)","(3, 163, 17, 2)"
v_TableTennisShot_g01_c06,4,193,"(256, 340)","(2, 193, 17, 2)"
v_TableTennisShot_g02_c01,4,224,"(256, 340)","(2, 224, 17, 2)"
v_TableTennisShot_g02_c02,4,224,"(256, 340)","(2, 224, 17, 2)"
v_TableTennisShot_g02_c03,4,144,"(256, 340)","(1, 144, 17, 2)"
v_TableTennisShot_g02_c04,4,118,"(256, 340)","(1, 118, 17, 2)"
v_TableTennisShot_g03_c01,4,124,"(256, 340)","(2, 124, 17, 2)"
v_TableTennisShot_g03_c02,4,88,"(256, 340)","(1, 88, 17, 2)"
v_TableTennisShot_g03_c03,4,104,"(256, 340)","(2, 104, 17, 2)"
v_TableTennisShot_g03_c04,4,130,"(256, 340)","(1, 130, 17, 2)"
v_TableTennisShot_g03_c05,4,105,"(256, 340)","(1, 105, 17, 2)"
v_TableTennisShot_g04_c01,4,209,"(256, 340)","(3, 209, 17, 2)"
v_TableTennisShot_g04_c02,4,133,"(256, 340)","(2, 133, 17, 2)"
v_TableTennisShot_g04_c03,4,133,"(256, 340)","(2, 133, 17, 2)"
v_TableTennisShot_g04_c04,4,190,"(256, 340)","(3, 190, 17, 2)"
v_TableTennisShot_g04_c05,4,103,"(256, 340)","(3, 103, 17, 2)"
v_TableTennisShot_g04_c06,4,210,"(256, 340)","(11, 210, 17, 2)"
v_TableTennisShot_g04_c07,4,141,"(256, 340)","(2, 141, 17, 2)"
v_TableTennisShot_g05_c01,4,203,"(256, 340)","(2, 203, 17, 2)"
v_TableTennisShot_g05_c02,4,172,"(256, 340)","(2, 172, 17, 2)"
v_TableTennisShot_g05_c03,4,220,"(256, 340)","(1, 220, 17, 2)"
v_TableTennisShot_g05_c04,4,175,"(256, 340)","(1, 175, 17, 2)"
v_TableTennisShot_g05_c05,4,133,"(256, 340)","(1, 133, 17, 2)"
v_TableTennisShot_g05_c06,4,185,"(256, 340)","(1, 185, 17, 2)"
v_TableTennisShot_g05_c07,4,156,"(256, 340)","(1, 156, 17, 2)"
v_TableTennisShot_g06_c01,4,206,"(256, 340)","(2, 206, 17, 2)"
v_TableTennisShot_g06_c02,4,174,"(256, 340)","(2, 174, 17, 2)"
v_TableTennisShot_g06_c03,4,135,"(256, 340)","(2, 135, 17, 2)"
v_TableTennisShot_g06_c04,4,110,"(256, 340)","(2, 110, 17, 2)"
v_TableTennisShot_g06_c05,4,169,"(256, 340)","(2, 169, 17, 2)"
v_TableTennisShot_g06_c06,4,122,"(256, 340)","(2, 122, 17, 2)"
v_TableTennisShot_g07_c01,4,74,"(256, 340)","(2, 74, 17, 2)"
v_TableTennisShot_g07_c02,4,100,"(256, 340)","(3, 100, 17, 2)"
v_TableTennisShot_g07_c03,4,75,"(256, 340)","(2, 75, 17, 2)"
v_TableTennisShot_g07_c04,4,79,"(256, 340)","(1, 79, 17, 2)"
